meltWidth,meltDepth,meltArea
[1.43498866],[0.26195331],[0.23385112]
[1.69684665],[0.38066813],[0.42611609]
[1.76309717],[0.41105765],[0.49346741]
[1.85347161],[0.43828561],[0.55982751]
[1.91215419],[0.44840154],[0.60841948]
[1.98319958],[0.45482244],[0.64713379]
[1.99680599],[0.47083331],[0.67531311]
[2.06404151],[0.47622902],[0.7116837]
[2.07677376],[0.49483653],[0.73745332]
[2.11351951],[0.49599287],[0.74708059]
[2.08322426],[0.49207065],[0.73242914]
[2.1430832],[0.49625261],[0.75279404]
[2.10862788],[0.49691648],[0.74420631]
[2.18020206],[0.51489594],[0.77592722]
[2.13664866],[0.51584447],[0.77026184]
[2.2144401],[0.53271859],[0.80100892]
[2.16403459],[0.51714878],[0.77720594]
[2.22632613],[0.53546581],[0.80400895]
[2.18503175],[0.51957671],[0.78210217]
[2.22835071],[0.53789253],[0.80323744]
[2.19312424],[0.52300209],[0.78384919]
[2.23226588],[0.54145078],[0.80828382]
[2.20861964],[0.52750425],[0.79278292]
[2.23652745],[0.54446108],[0.81051707]
[2.21540911],[0.53116533],[0.79599495]
[2.24304783],[0.54543614],[0.81472356]
[2.22095083],[0.53527895],[0.80021006]
[2.24761794],[0.54584053],[0.81469623]
[2.22605698],[0.54004488],[0.80574463]
[2.25146896],[0.54777075],[0.81473724]
[2.24305683],[0.54893025],[0.82454308]
[2.24902542],[0.55002785],[0.8156383]
[2.23675757],[0.55130757],[0.81349784]
[2.23228029],[0.55159656],[0.80912848]
[2.23065149],[0.55276532],[0.80890345]
[2.2299875],[0.55413175],[0.81034057]
[2.22744796],[0.55482709],[0.80726219]
[2.22596202],[0.5560142],[0.80706715]
[2.2244131],[0.55790662],[0.80867927]
[2.22327527],[0.55663167],[0.80618965]
[2.21822008],[0.55352643],[0.80089107]
[2.21459811],[0.54652974],[0.79495733]
[2.21107232],[0.53895747],[0.78935094]
[2.20584593],[0.52979542],[0.77864462]
[2.20329207],[0.52089487],[0.7712631]
[2.20263183],[0.51317426],[0.76730203]
[2.20441261],[0.50546586],[0.76359553]
[2.19986636],[0.49733132],[0.75580354]
[2.20076825],[0.49132301],[0.75273784]
[2.20441597],[0.48578699],[0.75378642]
[2.20538641],[0.48285465],[0.74982595]
[2.20589567],[0.47111951],[0.74331678]
[2.08366114],[0.45927856],[0.7210624]
[0.],[0.],[0.]
[0.],[0.],[0.]
[1.51850083],[0.15120798],[0.17967418]
[1.90034562],[0.4453985],[0.57480076]
[1.94764412],[0.54143321],[0.7324767]
[2.0608006],[0.59605708],[0.85394206]
[2.14971461],[0.63361979],[0.96784963]
[2.26437013],[0.67806534],[1.06907455]
[2.30423993],[0.69670589],[1.13547882]
[2.37399525],[0.70062349],[1.18167494]
[2.37104177],[0.72220334],[1.22284388]
[2.40347165],[0.71727262],[1.25196384]
[2.3952807],[0.75005063],[1.29282481]
[2.42696223],[0.74608728],[1.31535765]
[2.41178282],[0.78214744],[1.34537629]
[2.44220381],[0.77666503],[1.35820003]
[2.4268114],[0.80836694],[1.38556009]
[2.48719651],[0.80312912],[1.40751867]
[2.44415076],[0.82752704],[1.41662211]
[2.53745975],[0.81206821],[1.43903696]
[2.47099743],[0.83388807],[1.43557899]
[2.56926803],[0.81937248],[1.45954231]
[2.48388119],[0.8402796],[1.4488241]
[2.58850269],[0.82456162],[1.47680331]
[2.51189221],[0.84538055],[1.46722408]
[2.59740943],[0.82975353],[1.48716502]
[2.51942475],[0.84910853],[1.47452545]
[2.60102593],[0.83237286],[1.492596]
[2.51702036],[0.85387887],[1.47965153]
[2.6047794],[0.83435816],[1.49439829]
[2.51431341],[0.85162872],[1.47537191]
[2.60597418],[0.83313986],[1.48711949]
[2.57208503],[0.84012411],[1.48034374]
[2.60527418],[0.83906781],[1.48726416]
[2.57446088],[0.83781797],[1.47345251]
[2.5559778],[0.83765571],[1.46793207]
[2.55352782],[0.83519075],[1.46442072]
[2.55079502],[0.83393686],[1.46261804]
[2.54652978],[0.83377129],[1.45957514]
[2.54474558],[0.8312987],[1.45605386]
[2.54130342],[0.82917409],[1.45186646]
[2.54294623],[0.82334373],[1.44516136]
[2.52901415],[0.81795563],[1.42834928]
[2.5207431],[0.80710509],[1.40858427]
[2.51274916],[0.79753951],[1.39055774]
[2.50481344],[0.78856729],[1.37192087]
[2.49432042],[0.77736771],[1.34799528]
[2.48184642],[0.76795869],[1.33177699]
[2.47307624],[0.76070753],[1.32048272]
[2.44804222],[0.75356367],[1.30747207]
[2.43824961],[0.74445875],[1.29272699]
[2.42813658],[0.73890013],[1.27779116]
[2.41756042],[0.73538075],[1.26091126]
[2.41237073],[0.7318775],[1.24556111]
[2.25386513],[0.72978847],[1.20352619]
[0.],[0.],[0.]
[0.],[0.],[0.]
[1.53246025],[0.23431994],[0.28899796]
[1.92702061],[0.46227238],[0.60271194]
[2.00934226],[0.59958215],[0.81456297]
[2.18246027],[0.674253],[1.00613156]
[2.28250276],[0.73332791],[1.16461153]
[2.37450823],[0.74670892],[1.25127887]
[2.40439894],[0.78348791],[1.32312991]
[2.47966054],[0.78602693],[1.37563239]
[2.44870832],[0.81874398],[1.42565393]
[2.55249994],[0.8172453],[1.48317313]
[2.50866027],[0.84868802],[1.51346218]
[2.62744618],[0.84220436],[1.57581397]
[2.58645771],[0.87191057],[1.59739193]
[2.70579983],[0.86706411],[1.66169424]
[2.6639948],[0.89210727],[1.67395099]
[2.77762115],[0.89093439],[1.73436401]
[2.74307447],[0.90822172],[1.73125635]
[2.83485903],[0.90023224],[1.77390328]
[2.80055792],[0.91506912],[1.76824342]
[2.87364104],[0.90783106],[1.80159243]
[2.82373211],[0.92180127],[1.78714399]
[2.8947137],[0.91361638],[1.82335135]
[2.84681924],[0.92782715],[1.80953472]
[2.91560931],[0.91889236],[1.83896024]
[2.8643944],[0.93205824],[1.81870957]
[2.93855852],[0.92215228],[1.85160498]
[2.88365766],[0.93691686],[1.82833628]
[2.96589151],[0.9243567],[1.85640641]
[2.9198494],[0.9356631],[1.82983447]
[2.97085544],[0.9231028],[1.84460183]
[2.97198504],[0.92690495],[1.8380976]
[2.96603557],[0.92550916],[1.83638238]
[2.96848857],[0.92411157],[1.81920052]
[2.92597181],[0.92314961],[1.80488583]
[2.92208904],[0.92111372],[1.79862743]
[2.91825767],[0.91975405],[1.79448081]
[2.90915714],[0.91877599],[1.78651882]
[2.91044774],[0.91672953],[1.78083747]
[2.90720141],[0.91316186],[1.77393406]
[2.90649452],[0.90609627],[1.76217394]
[2.8999094],[0.89841968],[1.74096045]
[2.89299964],[0.88800715],[1.71738317]
[2.88460519],[0.87840034],[1.69466386]
[2.86663874],[0.86892103],[1.66362165]
[2.85545162],[0.85824517],[1.63348702]
[2.83914375],[0.84903753],[1.60437847]
[2.8251028],[0.84031097],[1.57596469]
[2.79528204],[0.83260367],[1.54353876]
[2.76847691],[0.82530309],[1.51441655]
[2.74707504],[0.81919062],[1.4943656]
[2.74237853],[0.81342262],[1.47908996]
[2.74383913],[0.80523704],[1.46090437]
[2.53495318],[0.8007163],[1.39172645]
[0.35778889],[0.56206665],[0.09324978]
[0.],[0.],[0.]
[1.5280874],[0.259148],[0.30738758]
[1.97245577],[0.51909966],[0.6758187]
[2.10796232],[0.65931157],[0.96306521]
[2.28013783],[0.75428435],[1.18224834]
[2.36180206],[0.81759008],[1.34410979]
[2.45698106],[0.8324468],[1.44260073]
[2.53233505],[0.86342773],[1.53228464]
[2.64816569],[0.86954875],[1.61211914]
[2.620109],[0.89447019],[1.65706403]
[2.73222945],[0.89580376],[1.73644486]
[2.71644691],[0.91983176],[1.76315356]
[2.82738611],[0.91822486],[1.83841222]
[2.82127096],[0.94099839],[1.85897433]
[2.91932381],[0.94047482],[1.92310606]
[2.92589637],[0.95436586],[1.9378426]
[3.00089296],[0.95430944],[1.98947484]
[3.03706008],[0.96129023],[2.00599695]
[3.11166168],[0.95992196],[2.05280913]
[3.14441733],[0.96514121],[2.06670592]
[3.19098783],[0.96446092],[2.09992929]
[3.21245415],[0.96915143],[2.10392422]
[3.24809103],[0.96847779],[2.14207759]
[3.27646477],[0.97158611],[2.14701015]
[3.29564476],[0.97075942],[2.17046663]
[3.29240553],[0.9734977],[2.1601807]
[3.29364991],[0.97343385],[2.18299745]
[3.2795179],[0.9754357],[2.16590025]
[3.28516323],[0.97461004],[2.18483868]
[3.26944189],[0.97522787],[2.16356916]
[3.25629108],[0.97300347],[2.16564319]
[3.30880939],[0.97270116],[2.16868756]
[3.24811373],[0.97174607],[2.15027929]
[3.29625253],[0.97079108],[2.14759278]
[3.23440811],[0.9696293],[2.12546982]
[3.2294971],[0.96882602],[2.11853902]
[3.22471576],[0.96787093],[2.11382164]
[3.2116963],[0.9666902],[2.10212757]
[3.21326664],[0.96583838],[2.09375181]
[3.20692587],[0.96319661],[2.08257502]
[3.20042236],[0.95864269],[2.06646164]
[3.19068034],[0.95315473],[2.03832515]
[3.18286302],[0.94843053],[2.01237555]
[3.17465789],[0.94289928],[1.98671406]
[3.14506678],[0.93454327],[1.94774316]
[3.12494082],[0.92524053],[1.91312933]
[3.09868455],[0.91697516],[1.88068451]
[3.07354788],[0.90898117],[1.84724093]
[3.04346996],[0.90105062],[1.807417]
[3.01594301],[0.89066163],[1.76952857]
[2.98860966],[0.88289667],[1.7348039]
[2.95903346],[0.8773631],[1.7013788]
[2.94882548],[0.87012306],[1.67822535]
[2.69928004],[0.8647125],[1.5797868]
[0.93767055],[0.81792709],[0.47346153]
[0.],[0.],[0.]
[1.51578469],[0.27209449],[0.30154754]
[2.03015351],[0.55686741],[0.75278684]
[2.18790974],[0.73754872],[1.10600304]
[2.33639977],[0.82912145],[1.32545764]
[2.42474044],[0.89013212],[1.51132317]
[2.56846677],[0.90318581],[1.63297458]
[2.6915768],[0.93288167],[1.74152555]
[2.81117835],[0.94181019],[1.84283749]
[2.82120545],[0.96340698],[1.90126147]
[2.92081124],[0.96485451],[1.98700147]
[2.94095927],[0.97792141],[2.01963428]
[3.02153727],[0.97583783],[2.08914847]
[3.05433466],[0.98163842],[2.11685457]
[3.14426993],[0.98027766],[2.18516736]
[3.19508609],[0.98512925],[2.20673074]
[3.26759815],[0.98437723],[2.26164482]
[3.36087896],[0.98949007],[2.30149662]
[3.43728913],[0.98903804],[2.37055163]
[3.45658336],[0.99336005],[2.39487624]
[3.48725534],[0.99300933],[2.42385865]
[3.47742081],[0.99693375],[2.43308444]
[3.49765187],[0.99578778],[2.4681126]
[3.47988989],[0.99842129],[2.46481894]
[3.49339578],[0.99747803],[2.52331178]
[3.47644237],[0.9999693],[2.46518445]
[3.49092837],[1.00035089],[2.56729408]
[3.46468665],[1.00170343],[2.46320439]
[3.48179917],[1.00302403],[2.60086066]
[3.45878564],[1.00260887],[2.45517987]
[3.45466545],[0.99966288],[2.5814658]
[3.49301781],[1.00103248],[2.50965205]
[3.44588836],[0.99821579],[2.55532994]
[3.48258245],[0.99711449],[2.49441766]
[3.43165224],[0.99584533],[2.4451136]
[3.42075085],[0.99484927],[2.43479823]
[3.41461065],[0.99374102],[2.4252826]
[3.39897512],[0.99245554],[2.40781942]
[3.40167432],[0.99116504],[2.40126707]
[3.39647111],[0.98872384],[2.38986417]
[3.39083348],[0.98403642],[2.38394436]
[3.3860357],[0.97871912],[2.33701667]
[3.37719721],[0.97473129],[2.2768791]
[3.35804425],[0.97085001],[2.23217742]
[3.32846432],[0.96660566],[2.1860249]
[3.30908032],[0.96284854],[2.15213927]
[3.28230376],[0.9592459],[2.11845655]
[3.25612298],[0.95573327],[2.08504795]
[3.22634435],[0.95229946],[2.04668784]
[3.19906571],[0.94775326],[2.01131298]
[3.17155891],[0.94159715],[1.97685935]
[3.135508],[0.93404578],[1.93412189]
[3.11452318],[0.92667296],[1.89573453]
[2.81576253],[0.92162032],[1.76254401]
[1.21092834],[0.87207913],[0.69835326]
[0.],[0.],[0.]
[1.55800075],[0.30969713],[0.39365692]
[2.105919],[0.59323325],[0.8562842]
[2.26895569],[0.80196251],[1.24926592]
[2.40613466],[0.88404288],[1.48894896]
[2.47978354],[0.94298036],[1.66641547]
[2.69131875],[0.96075445],[1.82347124]
[2.83487604],[0.98091937],[1.952312]
[2.95806198],[0.98810325],[2.0620026]
[2.98562044],[0.99509946],[2.12559333]
[3.06905768],[0.9947526],[2.21232255]
[3.1132194],[1.0012893],[2.24729946]
[3.19935825],[1.0002673],[2.31927725]
[3.26368182],[1.00665005],[2.34976943]
[3.36160014],[1.00794871],[2.42451438]
[3.44298707],[1.01931493],[2.51311053]
[3.49315033],[1.03378791],[2.67280469]
[3.5276018],[1.05103522],[2.63660257]
[3.60930387],[1.06261668],[2.85332668]
[3.60305698],[1.07234475],[2.77047709]
[3.64338022],[1.07872639],[2.91711764]
[3.60767013],[1.08835986],[2.83083528]
[3.64292077],[1.09257852],[2.96388511]
[3.604644],[1.09501148],[2.89842954]
[3.63673598],[1.09516956],[2.98319291]
[3.6012889],[1.09759171],[2.90821366]
[3.63589345],[1.10115923],[2.99406825]
[3.58879572],[1.1010475],[2.91696835]
[3.62669907],[1.10488457],[2.99887831]
[3.58559908],[1.10827328],[2.92613653]
[3.6027316],[1.10231652],[2.98566332]
[3.6275829],[1.10273376],[2.97294803]
[3.59705353],[1.09347786],[2.96730548]
[3.6194731],[1.08837515],[2.94871246]
[3.57952631],[1.08152835],[2.90307435]
[3.55824535],[1.07659317],[2.88857878]
[3.55100683],[1.0735228],[2.87685902]
[3.53333052],[1.06720852],[2.85790713]
[3.53436292],[1.06269837],[2.84887996]
[3.5286985],[1.05907227],[2.83472793]
[3.52194479],[1.05181993],[2.82223026]
[3.51406871],[1.03231359],[2.78200118]
[3.50012788],[1.01481427],[2.72275354]
[3.48222103],[0.9986742],[2.65737209]
[3.45322428],[0.98853783],[2.55971778]
[3.4371396],[0.98497187],[2.48114445]
[3.40918103],[0.9816349],[2.40755117]
[3.37897748],[0.97834506],[2.34430468]
[3.34553189],[0.97500504],[2.26973432]
[3.31652432],[0.97174628],[2.21855208]
[3.28926282],[0.96869589],[2.18218161]
[3.25220833],[0.96560441],[2.13905629]
[3.23053596],[0.96303248],[2.10405292]
[2.89773372],[0.96191524],[1.94672631]
[1.34201046],[0.91689305],[0.88590524]
[0.],[0.],[0.]
[1.57458673],[0.34527155],[0.46293645]
[2.21233929],[0.64495167],[0.99338023]
[2.36376612],[0.85325161],[1.41005693]
[2.46740581],[0.92461628],[1.63347437]
[2.52767836],[0.97288679],[1.79105634]
[2.80007902],[0.98512471],[1.96848859]
[2.9922523],[1.00119454],[2.12355161]
[3.11369743],[1.01100302],[2.24482465]
[3.16784603],[1.01886763],[2.32781256]
[3.25663614],[1.02214355],[2.50941131]
[3.34578512],[1.0375891],[2.5028627]
[3.43970121],[1.05659982],[2.76534466]
[3.48339203],[1.07384669],[2.72072617]
[3.57929708],[1.09094854],[2.94144829]
[3.62257548],[1.11256382],[2.92676118]
[3.72390884],[1.12666323],[3.08521886]
[3.73424223],[1.14240842],[3.07854193]
[3.85012616],[1.15374388],[3.20214839]
[3.81892045],[1.16350915],[3.17703116]
[3.88452189],[1.17017361],[3.25234179]
[3.8190988],[1.17438611],[3.21793136]
[3.88992305],[1.17871656],[3.2848156]
[3.81824864],[1.18160286],[3.25007814]
[3.88317033],[1.18261966],[3.29236735]
[3.8177997],[1.18474964],[3.25695575]
[3.88838488],[1.18810837],[3.29987395]
[3.81095711],[1.18931993],[3.26843633]
[3.88208334],[1.19349607],[3.3033464]
[3.81391678],[1.19669545],[3.27784802]
[3.87440073],[1.19070783],[3.28989599]
[3.85281544],[1.18936482],[3.29076106]
[3.87612612],[1.18092981],[3.27169851]
[3.84773825],[1.17550337],[3.25508509]
[3.84799423],[1.16850486],[3.21947462]
[3.80519694],[1.16309496],[3.19352831]
[3.79184432],[1.15938772],[3.17594322]
[3.77158688],[1.15313195],[3.15291124]
[3.76156044],[1.14832126],[3.13662036]
[3.75233113],[1.14374792],[3.11725916]
[3.7390622],[1.13550175],[3.09314706]
[3.71975359],[1.1159997],[3.05258885]
[3.70369209],[1.09797326],[3.0024432]
[3.68477627],[1.08048421],[2.94769867]
[3.65762572],[1.06017451],[2.88217923]
[3.63171808],[1.04171657],[2.81899855]
[3.59388728],[1.02377732],[2.74891895]
[3.5487802],[1.00476867],[2.67667955]
[3.49610668],[0.99818381],[2.56904681]
[3.45022929],[0.99300548],[2.48056993]
[3.40053618],[0.98801276],[2.39856571]
[3.34157295],[0.98450869],[2.3180153]
[3.31802389],[0.98151708],[2.25971347]
[2.97325681],[0.97948018],[2.07510684]
[1.52003694],[0.99239112],[1.14523835]
[0.],[0.],[0.]
[1.58598484],[0.37408535],[0.51687459]
[2.26432729],[0.69385194],[1.09976649]
[2.41416984],[0.87239388],[1.50858734]
[2.50605325],[0.94678553],[1.73602365]
[2.57828265],[0.99297746],[1.88852402]
[2.89588513],[1.00707176],[2.10494804]
[3.14517455],[1.02575455],[2.26143145]
[3.30654498],[1.03339064],[2.46622313]
[3.40550608],[1.06987961],[2.5667059]
[3.52009211],[1.08592524],[2.89463322]
[3.5747351],[1.1066497],[2.89537433]
[3.69437548],[1.12473535],[3.07204032]
[3.7245361],[1.14266441],[3.08151045]
[3.85137756],[1.15839612],[3.22595759]
[3.84748389],[1.17845284],[3.24473387]
[3.97382359],[1.19162598],[3.36335472]
[3.94780473],[1.20632505],[3.38314316]
[4.09700599],[1.21710888],[3.4759239]
[4.0222543],[1.22680036],[3.47766421]
[4.10870823],[1.23356566],[3.53211547]
[4.0183051],[1.23795308],[3.52153082]
[4.1120104],[1.24237432],[3.56573428]
[4.01538367],[1.24542021],[3.54871618]
[4.10265301],[1.24645906],[3.57192046]
[4.01210135],[1.24846492],[3.55739178]
[4.10541578],[1.25147358],[3.58396086]
[4.00186248],[1.25343966],[3.56727273]
[4.09603803],[1.25493103],[3.58633349]
[4.00457749],[1.2560658],[3.56710042]
[4.09349139],[1.25074333],[3.56853047]
[4.04398313],[1.25357066],[3.56557154]
[4.09652019],[1.24316875],[3.55286328]
[4.04305772],[1.23880875],[3.52574636]
[4.07020014],[1.23261354],[3.4964716]
[4.01365845],[1.2281175],[3.46313689]
[4.00098628],[1.22476183],[3.4432819]
[3.98072749],[1.21879969],[3.417433]
[3.96871484],[1.21384952],[3.39572167]
[3.96043001],[1.20956614],[3.37293284]
[3.94704508],[1.20006701],[3.33978189]
[3.92575926],[1.18155881],[3.29257059]
[3.91416906],[1.16403942],[3.2436226]
[3.89643279],[1.14722983],[3.19113401]
[3.87073338],[1.12799191],[3.12889236]
[3.85005383],[1.11065306],[3.07115526]
[3.82052246],[1.09338451],[3.00704121]
[3.77677753],[1.07511558],[2.94008432]
[3.72285202],[1.05394065],[2.86206785]
[3.67734837],[1.03458124],[2.78937567]
[3.62940674],[1.01566649],[2.71417319]
[3.57213886],[1.00371236],[2.60128628]
[3.52420045],[0.99954275],[2.5181613]
[3.15266653],[0.99495772],[2.30079112]
[1.68549995],[1.01743226],[1.20590764]
[0.],[0.],[0.]
[1.59511585],[0.39153219],[0.54745457]
[2.28807177],[0.72659626],[1.17280201]
[2.44328513],[0.89293091],[1.58267611]
[2.5311913],[0.97130693],[1.81206427]
[2.66291561],[1.01597938],[1.97876274]
[3.01358416],[1.02559881],[2.29837793]
[3.28376682],[1.04548658],[2.43386376]
[3.45477388],[1.0726692],[2.83288816]
[3.5489268],[1.12138498],[2.86141814]
[3.66414618],[1.13812338],[3.10548139]
[3.7094342],[1.15859627],[3.13390668]
[3.86431782],[1.17623083],[3.27697594]
[3.85729376],[1.19325777],[3.29778102]
[3.99612966],[1.20769323],[3.41697482]
[3.97962196],[1.22584359],[3.44819697]
[4.11665176],[1.23784167],[3.55177342]
[4.07314649],[1.25047178],[3.57189207]
[4.20832352],[1.26013881],[3.66431275]
[4.13681858],[1.26922871],[3.65985246]
[4.21703049],[1.27566091],[3.71796417]
[4.1347125],[1.27946018],[3.70168261]
[4.22116858],[1.2838233],[3.75277735]
[4.132784],[1.28746511],[3.72775013]
[4.21285659],[1.28895848],[3.76119159]
[4.1300257],[1.28962222],[3.73917277]
[4.21644856],[1.29174668],[3.77613879]
[4.12112333],[1.29234557],[3.74842797]
[4.20754488],[1.29400028],[3.78134723]
[4.12523213],[1.29512865],[3.75531079]
[4.20483541],[1.29019117],[3.77166477]
[4.16897231],[1.29228128],[3.76579157]
[4.20773019],[1.28232505],[3.76248557]
[4.17358853],[1.27767613],[3.72955674]
[4.19251368],[1.27141459],[3.71014413]
[4.15285146],[1.26727359],[3.66953117]
[4.13670095],[1.26517598],[3.65006816]
[4.1173912],[1.26014687],[3.6233003]
[4.10499187],[1.25616492],[3.60207355]
[4.09818856],[1.25312188],[3.58032102]
[4.08494486],[1.24482923],[3.54819009]
[4.06060926],[1.22821273],[3.49973586]
[4.04934712],[1.21160918],[3.44982519]
[4.03206509],[1.19512699],[3.39575266]
[4.0066731],[1.17655333],[3.33618412]
[3.98931531],[1.15959084],[3.28341195]
[3.97159651],[1.14296697],[3.22622496]
[3.92985332],[1.12544996],[3.16433694]
[3.87848081],[1.10589678],[3.09399369]
[3.83433693],[1.08769652],[3.02901834]
[3.78619813],[1.06986234],[2.96277564]
[3.72916749],[1.04875465],[2.88682273]
[3.68299351],[1.03616018],[2.83109241]
[3.30816358],[1.02443962],[2.6175368]
[1.90778809],[1.02709725],[1.30425658]
[0.],[0.],[0.]
[1.6032261],[0.42954979],[0.59373961]
[2.32602963],[0.76559978],[1.267413]
[2.46808738],[0.91031203],[1.64835947]
[2.55265361],[0.99106648],[1.87794492]
[2.76170249],[1.03212087],[2.07617177]
[3.14111267],[1.04001496],[2.59511023]
[3.40476948],[1.07497126],[2.70693495]
[3.5872547],[1.1293205],[3.05661095]
[3.65020919],[1.17264339],[3.0998246]
[3.78824412],[1.19024433],[3.30291196]
[3.81479139],[1.21001558],[3.33290259]
[3.9422588],[1.22672468],[3.44993793]
[3.91456048],[1.24185875],[3.48280948]
[4.04993254],[1.25515048],[3.58887353]
[4.01804395],[1.27176426],[3.62044368]
[4.1517846],[1.28238892],[3.72252789]
[4.11239786],[1.2931387],[3.73558581]
[4.2394247],[1.30223183],[3.83284595]
[4.17181135],[1.31102437],[3.82309272]
[4.24731021],[1.31562985],[3.88538673]
[4.16953381],[1.31792337],[3.86304152]
[4.25143962],[1.32097275],[3.92129348]
[4.16825843],[1.32295356],[3.88736233]
[4.24342416],[1.3232685],[3.9338976]
[4.16524396],[1.32462084],[3.90309436]
[4.24764071],[1.32718916],[3.95255335]
[4.15713578],[1.32754317],[3.91272171]
[4.23996515],[1.32871516],[3.95955553]
[4.16277953],[1.32904287],[3.92746195]
[4.23968169],[1.32498276],[3.95648492]
[4.20997589],[1.32555115],[3.94787022]
[4.24558196],[1.31734616],[3.95348588]
[4.21829051],[1.31298552],[3.91690314]
[4.23362202],[1.30729487],[3.89925775]
[4.19874479],[1.30385632],[3.85443596]
[4.18224769],[1.3014586],[3.83311925]
[4.1640662],[1.29680591],[3.80393671]
[4.15184899],[1.29266519],[3.7811532]
[4.14495041],[1.28942765],[3.75761392]
[4.13099237],[1.28086693],[3.723434]
[4.10805414],[1.26875457],[3.67292689]
[4.09965549],[1.25562184],[3.62601213]
[4.08535611],[1.24252742],[3.57233598]
[4.06292148],[1.225566],[3.50784853]
[4.04838223],[1.20948728],[3.45266477]
[4.03781452],[1.19346935],[3.39807929]
[4.00067625],[1.17677004],[3.33744292]
[3.95304216],[1.15799866],[3.26908191]
[3.91748042],[1.14067185],[3.20744871]
[3.87432097],[1.12349422],[3.1449685]
[3.81865901],[1.10363386],[3.07278472]
[3.77368444],[1.09081886],[3.01997011]
[3.39902397],[1.0784651],[2.80784274]
[2.07731902],[1.08812126],[1.43266418]
[0.],[0.],[0.]
[1.60710001],[0.46523639],[0.63714512]
[2.3494435],[0.79111552],[1.34037101]
[2.48685801],[0.92348315],[1.69829865]
[2.56591635],[1.00149199],[1.91594014]
[2.84252054],[1.04130419],[2.16447819]
[3.22904479],[1.05385315],[2.74192599]
[3.48938022],[1.11621991],[2.86995638]
[3.66914404],[1.16902845],[3.17325074]
[3.71688143],[1.20983356],[3.23749845]
[3.85939453],[1.22862615],[3.43032346]
[3.85048248],[1.24878164],[3.47226313]
[3.98444589],[1.26392265],[3.59214612]
[3.94778155],[1.2753675],[3.6123569]
[4.09090187],[1.28580801],[3.71773245]
[4.05465308],[1.29898689],[3.74260551]
[4.18637877],[1.30698509],[3.84509133]
[4.15221653],[1.31416533],[3.85379082]
[4.27020957],[1.32134697],[3.94923045]
[4.20663769],[1.32821149],[3.93412935]
[4.27763759],[1.33165219],[4.000014]
[4.20451133],[1.33365532],[3.97391631]
[4.28280738],[1.33674568],[4.03954419]
[4.20654676],[1.33914821],[4.00347246]
[4.27722532],[1.34003463],[4.05430154]
[4.20624236],[1.34194306],[4.02167179]
[4.28399252],[1.34487028],[4.07246535]
[4.19946417],[1.34595422],[4.03053592]
[4.27802532],[1.34741637],[4.08159775]
[4.20497761],[1.34797482],[4.04555678]
[4.27875467],[1.34360674],[4.07577531]
[4.25316501],[1.34412903],[4.06658737]
[4.28417495],[1.33600756],[4.07094263]
[4.26016726],[1.33162371],[4.02864905]
[4.27152862],[1.32589821],[4.01438082]
[4.23877311],[1.3227222],[3.96586439]
[4.21817832],[1.32077862],[3.94323864]
[4.19895634],[1.31645564],[3.91303767]
[4.18685698],[1.31267],[3.8882145]
[4.17943525],[1.30923139],[3.86234431]
[4.16504568],[1.30148425],[3.82528684]
[4.14184198],[1.29084523],[3.77053339]
[4.13218258],[1.27722942],[3.71929792]
[4.11690272],[1.26406503],[3.66260587]
[4.09373669],[1.24921998],[3.59699289]
[4.07929017],[1.23597616],[3.53941601]
[4.07047573],[1.22024346],[3.48258936]
[4.03853862],[1.20373269],[3.42278618]
[3.99234093],[1.18519407],[3.35434463]
[3.95841782],[1.16786749],[3.29245991]
[3.91897576],[1.15053262],[3.22995018]
[3.86973601],[1.13291127],[3.16147425]
[3.82850002],[1.12072445],[3.11237461]
[3.45346445],[1.10810761],[2.89583174]
[2.23863738],[1.14466409],[1.51636156]
[0.1170429],[0.04002577],[0.00064974]
[1.60731652],[0.49037765],[0.66574467]
[2.36203514],[0.81057912],[1.38735885]
[2.49779342],[0.93857892],[1.73957889]
[2.60654937],[1.01142228],[1.95721432]
[2.90149618],[1.04883968],[2.31090331]
[3.29376368],[1.10324367],[2.87709274]
[3.53690492],[1.15194058],[3.01061653]
[3.74528578],[1.19944222],[3.27740698]
[3.77846165],[1.23533625],[3.37025385]
[3.89855722],[1.25317157],[3.54874364]
[3.88389799],[1.26976778],[3.58779709]
[4.02148914],[1.28191148],[3.69912427]
[3.97991145],[1.29275259],[3.7149704]
[4.1238254],[1.30236945],[3.81314061]
[4.08701627],[1.31475096],[3.83319525]
[4.220876],[1.3195584],[3.93752861]
[4.19099867],[1.32518043],[3.94028395]
[4.30443844],[1.33226932],[4.03473898]
[4.24411097],[1.33910278],[4.01814735]
[4.3137699],[1.34229885],[4.08975956]
[4.24273678],[1.34500788],[4.06746478]
[4.31958736],[1.34878076],[4.13595434]
[4.24361863],[1.35160788],[4.09943093]
[4.31214477],[1.3536278],[4.15240039]
[4.24091397],[1.35559662],[4.11517828]
[4.31795741],[1.35844092],[4.16921426]
[4.23438786],[1.35915772],[4.12532299]
[4.3109462],[1.36062525],[4.17929971]
[4.23959211],[1.36151447],[4.14239275]
[4.3103351],[1.35718754],[4.17466842]
[4.2879924],[1.35654945],[4.18089332]
[4.31443459],[1.34859776],[4.16958375]
[4.29487581],[1.34424172],[4.14320039]
[4.30316402],[1.33901809],[4.1064195]
[4.2752637],[1.3361392],[4.05782707]
[4.25233968],[1.3345875],[4.03642003]
[4.23354147],[1.33013725],[4.0064272]
[4.22185643],[1.32649747],[3.98041954]
[4.21405127],[1.3229403],[3.95322091]
[4.19955405],[1.31555342],[3.91750484]
[4.17617867],[1.30538838],[3.86258244]
[4.16617855],[1.29250013],[3.81063661]
[4.15146984],[1.28017791],[3.75192064]
[4.12819765],[1.26598256],[3.67974467]
[4.11243457],[1.2532815],[3.61842731]
[4.10269943],[1.24102381],[3.55991518]
[4.07446342],[1.22728549],[3.49743095]
[4.02920061],[1.20957179],[3.42985917]
[3.99675462],[1.19366722],[3.37062061]
[3.95867122],[1.17647579],[3.30830108]
[3.91130359],[1.16112775],[3.24529606]
[3.87252913],[1.14832515],[3.19466829]
[3.50321489],[1.13569617],[2.97800793]
[2.38813504],[1.19156899],[1.6788514]
[0.19284014],[0.0645182],[0.00302447]
[1.60150398],[0.48616993],[0.66070955]
[2.36006917],[0.81165817],[1.39896728]
[2.50033871],[0.95493703],[1.76813384]
[2.63511503],[1.02191663],[2.0136107]
[2.94030267],[1.05872696],[2.48950536]
[3.31879753],[1.12491155],[2.95616666]
[3.58180975],[1.17422318],[3.10299599]
[3.82520541],[1.22400931],[3.36872296]
[3.829256],[1.25897031],[3.47703346]
[3.95646411],[1.2769676],[3.65295504]
[3.93516757],[1.29233878],[3.69650594]
[4.08060719],[1.30401964],[3.79887426]
[4.03101501],[1.31454655],[3.81911719]
[4.17279931],[1.32228612],[3.92315518]
[4.14343061],[1.33242384],[3.93988746]
[4.27445775],[1.33734052],[4.04715824]
[4.25316344],[1.34275732],[4.055734]
[4.35779926],[1.35011061],[4.14892415]
[4.30197105],[1.35747685],[4.13488273]
[4.36427827],[1.36045222],[4.20633259]
[4.29960328],[1.363653],[4.18683002]
[4.36967359],[1.36755137],[4.25632349]
[4.3010506],[1.37109767],[4.21993067]
[4.36265304],[1.3730018],[4.27018255]
[4.29828432],[1.37494357],[4.23462346]
[4.36855293],[1.37775591],[4.29009794]
[4.29245338],[1.37852738],[4.24762192]
[4.36156917],[1.38000339],[4.3030872]
[4.29705783],[1.38154468],[4.26636323]
[4.36101545],[1.37762846],[4.30288745]
[4.34614488],[1.3767361],[4.34008102]
[4.36468852],[1.36853492],[4.29804768]
[4.35234088],[1.36394114],[4.309118]
[4.35533497],[1.35918529],[4.23993324]
[4.3357068],[1.35631206],[4.1880805]
[4.30999973],[1.35434965],[4.15961872]
[4.29164546],[1.34980421],[4.12336391]
[4.28041532],[1.34622771],[4.09541293]
[4.27214409],[1.34235922],[4.06847716]
[4.25823148],[1.33522098],[4.0331765]
[4.23501207],[1.32611276],[3.98003475]
[4.22436852],[1.31421844],[3.92993779]
[4.20980682],[1.30185075],[3.87380223]
[4.18657642],[1.28748649],[3.80371808]
[4.17088527],[1.27474875],[3.73824172]
[4.16038213],[1.26273919],[3.67472268]
[4.13992387],[1.24983667],[3.60359397]
[4.09417685],[1.23509955],[3.52685582]
[4.06087165],[1.22177798],[3.4667352]
[4.02207213],[1.20586463],[3.40442397]
[3.97449053],[1.19276532],[3.34480636]
[3.93663519],[1.18060781],[3.2946624]
[3.5687349],[1.16860327],[3.07830592]
[2.45033956],[1.23180225],[1.83943845]
[0.16315556],[0.05970214],[0.00203103]
[1.60214126],[0.50443842],[0.6805121]
[2.37172553],[0.82761026],[1.4343752]
[2.50985489],[0.96857143],[1.79799436]
[2.67299923],[1.03271768],[2.08270338]
[2.98026699],[1.09083578],[2.60229607]
[3.35289236],[1.15946798],[3.04859292]
[3.62514419],[1.20700718],[3.21672084]
[3.87351796],[1.25434971],[3.4769106]
[3.86158072],[1.28582818],[3.59373331]
[3.99300655],[1.3040435],[3.77412204]
[3.96770723],[1.31746087],[3.81669407]
[4.11258936],[1.32659663],[3.92126746]
[4.06375961],[1.33399741],[3.93716729]
[4.20650453],[1.34121143],[4.05352971]
[4.18346175],[1.35184787],[4.07291482]
[4.30995258],[1.35652874],[4.18255361]
[4.29389856],[1.36186345],[4.18903177]
[4.39081338],[1.36861175],[4.28133599]
[4.33739481],[1.37588477],[4.26361433]
[4.39506149],[1.37815366],[4.33748948]
[4.33488317],[1.38118451],[4.31872542]
[4.40084958],[1.3862204],[4.39030716]
[4.33663216],[1.39088321],[4.35148577]
[4.39379699],[1.39253079],[4.40734236]
[4.33349516],[1.39441682],[4.37545888]
[4.39958277],[1.3971903],[4.44788786]
[4.32783842],[1.39798913],[4.39411592]
[4.39253236],[1.39946209],[4.47564092]
[4.33210692],[1.40154001],[4.43884419]
[4.39152692],[1.39826881],[4.48174546]
[4.38102561],[1.39837308],[4.52274652]
[4.39513097],[1.38968664],[4.49109843]
[4.38808526],[1.38444478],[4.49324178]
[4.38791597],[1.37998208],[4.42991537]
[4.37328151],[1.37705714],[4.37771797]
[4.34536418],[1.37502814],[4.3459594]
[4.32693452],[1.37025636],[4.29652941]
[4.31566306],[1.36655871],[4.26931992]
[4.30659132],[1.36256552],[4.23247696]
[4.29274164],[1.35541599],[4.18148144]
[4.26952457],[1.34664311],[4.10790283]
[4.25859156],[1.33645009],[4.05582533]
[4.24393318],[1.32536735],[4.00378977]
[4.22070129],[1.31162469],[3.93632068]
[4.2050141],[1.29928418],[3.87329806]
[4.19459801],[1.28729089],[3.81135461]
[4.17793385],[1.27467433],[3.738233]
[4.13371559],[1.26030102],[3.65046323]
[4.10058275],[1.24729734],[3.57800348]
[4.06223494],[1.23492222],[3.51295859]
[4.01502089],[1.22378655],[3.45432467]
[3.97703868],[1.21393354],[3.40630194]
[3.6097074],[1.20467243],[3.19178476]
[2.38252937],[1.26782221],[1.94011518]
[0.],[0.],[0.]
[1.60282752],[0.52445749],[0.70045689]
[2.3820703],[0.84231368],[1.46470445]
[2.5186173],[0.98100539],[1.82576356]
[2.70736982],[1.04142028],[2.14543833]
[3.0216915],[1.11754839],[2.66349053]
[3.39007555],[1.18284833],[3.10929254]
[3.66113032],[1.22974794],[3.3008079]
[3.91245904],[1.27597947],[3.55424738]
[3.89340413],[1.30600564],[3.67600623]
[4.0291484],[1.32408643],[3.86689105]
[4.00031689],[1.33421301],[3.91378918]
[4.14611638],[1.34374778],[4.02527793]
[4.1027423],[1.35164455],[4.03858436]
[4.24277621],[1.35913535],[4.15923856]
[4.22362288],[1.37024388],[4.18145102]
[4.34541772],[1.37476664],[4.28737032]
[4.33348898],[1.38005757],[4.29351059]
[4.42353194],[1.38635323],[4.38068962]
[4.3733839],[1.39385325],[4.36464032]
[4.42602856],[1.39579743],[4.44012305]
[4.3699368],[1.39972025],[4.43876712]
[4.43181557],[1.40538607],[4.5153567]
[4.37202266],[1.41041366],[4.47868366]
[4.42476201],[1.41159214],[4.54273008]
[4.36855776],[1.41365691],[4.51098761]
[4.43054909],[1.41670636],[4.58263105]
[4.36275318],[1.41799633],[4.53504773]
[4.4230754],[1.41962351],[4.61137309]
[4.36669667],[1.42267542],[4.57246955]
[4.42248101],[1.41878705],[4.61880339]
[4.41638605],[1.41870212],[4.65360872]
[4.44910096],[1.41040504],[4.64092052]
[4.43445535],[1.40500867],[4.63165729]
[4.4587052],[1.40062091],[4.59361974]
[4.42759373],[1.39765213],[4.53111556]
[4.39250249],[1.39532817],[4.49626966]
[4.36444065],[1.39012574],[4.44259722]
[4.35197198],[1.38561677],[4.41244704]
[4.3423752],[1.38134403],[4.37615688]
[4.32807638],[1.37357075],[4.32450014]
[4.30451386],[1.36316055],[4.24882334]
[4.29299323],[1.35332941],[4.17843469]
[4.27844485],[1.34193504],[4.10473792]
[4.25521434],[1.32844575],[4.02741515]
[4.23951967],[1.31671324],[3.9651569]
[4.22882568],[1.30504553],[3.90479011]
[4.21430729],[1.29247592],[3.83580169]
[4.17281683],[1.27822659],[3.74747622]
[4.13987265],[1.26527503],[3.6637137]
[4.10184686],[1.25417578],[3.59427217]
[4.05475763],[1.24292621],[3.53306651]
[4.01638265],[1.23315403],[3.48271975]
[3.64923186],[1.22384601],[3.26650493]
[2.28242967],[1.29496753],[1.98063347]
[0.],[0.],[0.]
[1.59819414],[0.49672252],[0.67377213]
[2.38258911],[0.83933069],[1.46839755]
[2.51987242],[0.99003782],[1.84283212]
[2.72795038],[1.04952989],[2.26106148]
[3.05980977],[1.14295891],[2.73665298]
[3.417654],[1.20791651],[3.1789549]
[3.68905085],[1.25275718],[3.39429018]
[3.94733689],[1.29846015],[3.64057771]
[3.94140257],[1.32629456],[3.77767884]
[4.09051107],[1.34473058],[3.97482507]
[4.05759565],[1.35400899],[4.0320617]
[4.20201946],[1.36370235],[4.15431921]
[4.16586608],[1.37156604],[4.1675758]
[4.29785522],[1.37899015],[4.28478229]
[4.28650204],[1.39088491],[4.30837938]
[4.40093686],[1.39542464],[4.41383994]
[4.39252816],[1.40082363],[4.41620723]
[4.47436979],[1.40633601],[4.52169588]
[4.43197939],[1.41384399],[4.52041062]
[4.47710831],[1.41550861],[4.60922986]
[4.42781338],[1.4203708],[4.60463269]
[4.48289986],[1.426095],[4.67947705]
[4.43033471],[1.43124511],[4.65031416]
[4.49048891],[1.43259575],[4.71878056]
[4.42574982],[1.43466878],[4.68442144]
[4.51503288],[1.43767403],[4.76943542]
[4.42128654],[1.43859995],[4.69901379]
[4.52135272],[1.44023234],[4.80104315]
[4.45160957],[1.44357159],[4.74334241]
[4.53504182],[1.44010055],[4.81446943]
[4.53308046],[1.43994773],[4.8344039]
[4.55125761],[1.43222759],[4.82507763]
[4.55582971],[1.42729859],[4.82078367]
[4.55738074],[1.42325109],[4.7817294]
[4.55348782],[1.42031961],[4.7366786]
[4.52083301],[1.41773911],[4.70474102]
[4.50156161],[1.41305733],[4.65962256]
[4.48580011],[1.40833123],[4.62606181]
[4.46147031],[1.4041096],[4.58054639]
[4.42914224],[1.39570091],[4.51718389]
[4.37792631],[1.38480167],[4.43040856]
[4.35147776],[1.37488026],[4.35471778]
[4.33712819],[1.36277844],[4.28114639]
[4.31357034],[1.34903425],[4.17265477]
[4.29788108],[1.33730274],[4.08277953]
[4.28670194],[1.32604799],[4.0226019]
[4.2726662],[1.31421228],[3.95547979]
[4.23823371],[1.30023512],[3.87306859]
[4.20615993],[1.28783928],[3.79504804]
[4.16893443],[1.27781825],[3.72188489]
[4.12223453],[1.2667233],[3.6465638]
[4.08368474],[1.25689262],[3.58864028]
[3.71659068],[1.24762869],[3.36629258]
[2.2295985],[1.31292227],[2.01016432]
[0.],[0.],[0.]
[1.59964998],[0.53124747],[0.70226343]
[2.39339974],[0.85881085],[1.50136479]
[2.52886735],[1.0005189],[1.86915057]
[2.76185557],[1.05790506],[2.406279]
[3.10393183],[1.17483319],[2.84664004]
[3.45137935],[1.23805463],[3.26977305]
[3.72042261],[1.27975869],[3.51226195]
[3.9851689],[1.32123561],[3.75663595]
[3.97360022],[1.34608734],[3.90188178]
[4.12407725],[1.36473503],[4.10611581]
[4.09390953],[1.37400081],[4.16706169]
[4.23775795],[1.38319551],[4.29711829]
[4.20656192],[1.39089041],[4.30762763]
[4.33355745],[1.39942862],[4.43391266]
[4.3270636],[1.41125232],[4.45480706]
[4.43686448],[1.41561992],[4.56399538]
[4.43068858],[1.4207502],[4.59614061]
[4.51691912],[1.42549576],[4.71868025]
[4.453626],[1.43220568],[4.70316387]
[4.52721243],[1.43524375],[4.80323445]
[4.45659341],[1.4407351],[4.78373194]
[4.54653376],[1.44650394],[4.87855177]
[4.47857873],[1.45168598],[4.8395625]
[4.55010346],[1.45227307],[4.91968796]
[4.49219025],[1.45433587],[4.87639668]
[4.56724776],[1.4572989],[4.96065537]
[4.50213896],[1.45825104],[4.89881945]
[4.56991734],[1.45987632],[4.97972169]
[4.52111965],[1.46315516],[4.9358114]
[4.5787998],[1.46022558],[4.99559842]
[4.58373668],[1.46005979],[5.00840848]
[4.58995025],[1.45278997],[5.00025937]
[4.59941674],[1.44908516],[4.99394904]
[4.59373287],[1.44555939],[4.96116581]
[4.59654719],[1.44270926],[4.92282391]
[4.5681627],[1.43988989],[4.89094927]
[4.55373583],[1.43494313],[4.85009733]
[4.53980347],[1.4300407],[4.82045657]
[4.52367406],[1.42574688],[4.78226803]
[4.50414769],[1.41722853],[4.729227]
[4.4695061],[1.40676384],[4.65461609]
[4.4450796],[1.39775429],[4.58201535]
[4.41522139],[1.3855225],[4.50047998]
[4.36239142],[1.37152479],[4.39048555]
[4.33238457],[1.35918707],[4.28046333]
[4.32054449],[1.34818143],[4.16491133]
[4.3067893],[1.33672475],[4.08644698]
[4.27579463],[1.32375424],[4.0068452]
[4.24517296],[1.31197836],[3.92938541]
[4.20815365],[1.30235584],[3.85932768]
[4.16137033],[1.29166392],[3.78606188]
[4.12318839],[1.28213247],[3.71788791]
[3.75612785],[1.27374742],[3.48921727]
[2.17924784],[1.33788013],[2.10771385]
[0.],[0.],[0.]
[1.60502413],[0.5680364],[0.73912205]
[2.4053566],[0.87181103],[1.53109445]
[2.53595421],[1.00789916],[1.8901802]
[2.79526454],[1.06573852],[2.46107332]
[3.14590163],[1.19729735],[2.91897392]
[3.48540042],[1.25794659],[3.33642148]
[3.75176725],[1.29970818],[3.60096231]
[4.02032559],[1.33885472],[3.84524303]
[4.00539968],[1.36389305],[4.00778379]
[4.15939225],[1.38251938],[4.21298916]
[4.13449214],[1.39199144],[4.27396418]
[4.27375279],[1.40126888],[4.41262356]
[4.24755874],[1.41032257],[4.42269548]
[4.36937494],[1.41880933],[4.5556368]
[4.3675126],[1.43046957],[4.58189267]
[4.4727922],[1.43524874],[4.71149474]
[4.44631913],[1.44086349],[4.74060918]
[4.5627364],[1.44615986],[4.87586638]
[4.50655334],[1.45335323],[4.86420694]
[4.56977849],[1.45671586],[4.95595426]
[4.51693074],[1.46208562],[4.94096825]
[4.58458447],[1.46791293],[5.02565987]
[4.53243349],[1.47258332],[4.99103337]
[4.58602586],[1.47354108],[5.06614202]
[4.54062479],[1.47721],[5.03158798]
[4.59919112],[1.48153498],[5.10998853]
[4.54696386],[1.48525879],[5.06809445]
[4.60011617],[1.48931219],[5.1505697]
[4.56056503],[1.49503486],[5.12835709]
[4.60691898],[1.49444478],[5.21635605]
[4.61253688],[1.49305282],[5.22033789]
[4.61598216],[1.48364338],[5.27088704]
[4.63336846],[1.47658369],[5.23962397]
[4.63309409],[1.4694991],[5.21454423]
[4.64542028],[1.46415134],[5.1206895]
[4.6144719],[1.4609934],[5.06200232]
[4.59339451],[1.45579624],[5.00576389]
[4.57580319],[1.45093757],[4.96710808]
[4.56508604],[1.44583289],[4.92845417]
[4.55200006],[1.43775298],[4.87865399]
[4.52547714],[1.42666517],[4.81384159]
[4.50749908],[1.41745008],[4.74989111]
[4.48624663],[1.40602366],[4.67736668]
[4.44944381],[1.39157906],[4.57797617]
[4.41853027],[1.37827322],[4.46835481]
[4.38987092],[1.36544725],[4.34064605]
[4.35528683],[1.35336578],[4.20693503]
[4.31258704],[1.34049024],[4.10135694]
[4.28418491],[1.32933282],[4.02516031]
[4.24744708],[1.32074927],[3.95948277]
[4.20066651],[1.31051325],[3.88798237]
[4.16237208],[1.3010271],[3.8208864]
[3.79534991],[1.29245406],[3.58491001]
[2.12825709],[1.36178754],[2.1517374]
[0.],[0.],[0.]
[1.61099601],[0.58992964],[0.76590191]
[2.41846916],[0.88205349],[1.56100545]
[2.54176376],[1.01520957],[1.90860678]
[2.83645831],[1.07861802],[2.51547915]
[3.1974793],[1.21627941],[2.99820586]
[3.52141226],[1.27579493],[3.40370739]
[3.78408651],[1.3172167],[3.69459854]
[4.05652171],[1.35320596],[3.93090424]
[4.04095428],[1.37840226],[4.1107521]
[4.19279196],[1.39557955],[4.32179476]
[4.17599575],[1.40488898],[4.38099273]
[4.31014298],[1.41524193],[4.52724494]
[4.28910053],[1.42443072],[4.53676062]
[4.4057279],[1.43377572],[4.67691438]
[4.39716308],[1.44697409],[4.73175309]
[4.53591517],[1.45252658],[4.88206601]
[4.51850727],[1.46025948],[4.91176768]
[4.60252855],[1.46732211],[5.0285511]
[4.56190313],[1.47817626],[5.03015661]
[4.60784519],[1.48295281],[5.12375146]
[4.56876779],[1.49411062],[5.1247635]
[4.62025984],[1.50063643],[5.26954556]
[4.58166351],[1.50835474],[5.22653674]
[4.62603032],[1.51224244],[5.38906267]
[4.60321146],[1.51913549],[5.35126735]
[4.65306463],[1.52382519],[5.52163226]
[4.62739798],[1.53080103],[5.46360314]
[4.66809632],[1.53301521],[5.62169816]
[4.6526088],[1.54009461],[5.58709371]
[4.68742267],[1.53986546],[5.70687935]
[4.7078192],[1.53775341],[5.7161391]
[4.70478528],[1.52784838],[5.74012746]
[4.73016485],[1.52200238],[5.71944081]
[4.7177353],[1.51518127],[5.68523416]
[4.76261876],[1.50853174],[5.61976611]
[4.71583004],[1.50098321],[5.52611833]
[4.68998593],[1.49053578],[5.42903809]
[4.66531702],[1.48050905],[5.33858789]
[4.6362048],[1.46808786],[5.23287927]
[4.60534142],[1.45602421],[5.09710491]
[4.5661135],[1.44288055],[4.97324872]
[4.54689934],[1.43356882],[4.88992298]
[4.53322723],[1.42238454],[4.82209287]
[4.50632703],[1.40803809],[4.73274535]
[4.4849461],[1.39480477],[4.63876777]
[4.46347397],[1.38169446],[4.5259197]
[4.43849906],[1.36832062],[4.39370677]
[4.39241534],[1.35475378],[4.24755045]
[4.31249022],[1.3447971],[4.12395923]
[4.28674202],[1.33600994],[4.05615029]
[4.23995739],[1.32583796],[3.98201627]
[4.20141322],[1.31681459],[3.91538846]
[3.83457768],[1.30860806],[3.68133523]
[2.08217633],[1.378613],[2.23214157]
[0.],[0.],[0.]
[1.61294703],[0.59038692],[0.76794637]
[2.41609726],[0.89074849],[1.57459397]
[2.54298726],[1.0236593],[1.92582211]
[2.89244377],[1.09375268],[2.57709833]
[3.23955017],[1.23524365],[3.08995519]
[3.54968192],[1.29398846],[3.4802656]
[3.81179286],[1.33504296],[3.79021504]
[4.08769843],[1.37133772],[4.05054202]
[4.07233185],[1.39741757],[4.23365312]
[4.22720564],[1.41388661],[4.45613889]
[4.22804457],[1.42411211],[4.52099179]
[4.36332755],[1.4360841],[4.66791915]
[4.35085023],[1.44724454],[4.70925839]
[4.49198572],[1.46002066],[4.89383289]
[4.49629029],[1.49209478],[4.96546151]
[4.61058192],[1.49574973],[5.12646132]
[4.61187986],[1.51664446],[5.19408251]
[4.67555529],[1.51604356],[5.37725889]
[4.67283766],[1.53200572],[5.40549812]
[4.70277384],[1.53123158],[5.59294292]
[4.69267354],[1.54860391],[5.60331682]
[4.72488577],[1.54890412],[5.76414899]
[4.71629387],[1.56190075],[5.76314761]
[4.73782919],[1.56075285],[5.90168405]
[4.73181401],[1.5743377],[5.90542514]
[4.76408145],[1.57238044],[6.03461356]
[4.76849608],[1.58670577],[6.01911511]
[4.79669958],[1.58213595],[6.13726398]
[4.81234454],[1.59788523],[6.1417458]
[4.83605887],[1.59146041],[6.23161705]
[4.96088416],[1.58941409],[6.27823068]
[4.89922808],[1.58012122],[6.26097349]
[5.04333882],[1.57322],[6.27835746]
[4.98797021],[1.56496339],[6.20747183]
[5.09559606],[1.55677412],[6.20209822]
[5.05553114],[1.55012853],[6.09360081]
[5.0034551],[1.54039603],[5.99385524]
[4.91772951],[1.53117845],[5.88928112]
[4.82259237],[1.51878775],[5.77183701]
[4.76932151],[1.5046761],[5.63100351]
[4.70237673],[1.48681848],[5.45285779]
[4.66728095],[1.47016695],[5.29569922]
[4.63658288],[1.45207004],[5.13799922]
[4.59201374],[1.43284637],[4.98180903]
[4.55655376],[1.41830475],[4.84466858]
[4.53533822],[1.40476192],[4.72878669]
[4.51648438],[1.39131558],[4.61206973]
[4.48804851],[1.37622006],[4.47366639]
[4.4476515],[1.36588162],[4.33798345]
[4.38383286],[1.3573754],[4.22901252]
[4.30324527],[1.34733404],[4.11422116]
[4.26878886],[1.33838222],[4.04420673]
[3.9012966],[1.33041056],[3.80694236]
[2.19704142],[1.39594417],[2.38448419]
[0.],[0.],[0.]
[1.61866579],[0.60390378],[0.78903761]
[2.42264754],[0.8993609],[1.59691038]
[2.54521481],[1.03170111],[1.94459823]
[2.92940613],[1.11525748],[2.67384692]
[3.25882796],[1.25748753],[3.19768242]
[3.5725258],[1.31688909],[3.5781822]
[3.84343901],[1.35688208],[3.92028825]
[4.11091322],[1.39108806],[4.21130478]
[4.0980452],[1.41789008],[4.38952816]
[4.25274663],[1.43412242],[4.62359163]
[4.25647439],[1.45755317],[4.70816225]
[4.38848695],[1.46921337],[4.89212687]
[4.36877851],[1.51392793],[4.96616535]
[4.53797439],[1.51397631],[5.18842189]
[4.55588124],[1.55422023],[5.2837401]
[4.66526473],[1.55315091],[5.52458491]
[4.69463206],[1.57385204],[5.61980177]
[4.74189735],[1.56707119],[5.87842837]
[4.7473078],[1.58779985],[5.92167925]
[4.77280277],[1.58396927],[6.06876328]
[4.78694958],[1.60506454],[6.10877836]
[4.81998659],[1.59904996],[6.2477086]
[4.84008141],[1.61788982],[6.28910727]
[4.85942588],[1.61116684],[6.40780121]
[4.9119444],[1.62969064],[6.44686232]
[4.97369458],[1.62231239],[6.55828837]
[5.00202175],[1.64156464],[6.5868759]
[5.04303655],[1.63416501],[6.68992651]
[5.07319593],[1.65303882],[6.73803459]
[5.11740362],[1.64120989],[6.81836592]
[5.19774832],[1.64422133],[6.91502537]
[5.17969389],[1.64399958],[6.88716633]
[5.24978302],[1.62300802],[6.97632285]
[5.23361111],[1.61332793],[6.89684641]
[5.28605849],[1.60426624],[6.91119996]
[5.2961213],[1.59576027],[6.76652395]
[5.26608281],[1.5845733],[6.62792604]
[5.20020745],[1.57447716],[6.50917945]
[5.13006715],[1.56226921],[6.37683535]
[5.04915186],[1.550039],[6.19559643]
[4.92163479],[1.53538592],[5.98631452]
[4.81980739],[1.51964664],[5.82807704]
[4.76593096],[1.50183542],[5.66763081]
[4.69912313],[1.47950887],[5.47931088]
[4.66040232],[1.45834839],[5.31601558]
[4.6276729],[1.43714943],[5.13374457]
[4.59232182],[1.41899177],[4.91500576]
[4.54794836],[1.40218226],[4.73785666]
[4.50359701],[1.38951924],[4.59992034]
[4.45325091],[1.38004705],[4.46927122]
[4.37889828],[1.37068351],[4.33268347]
[4.29980424],[1.36322193],[4.22390451]
[3.93941248],[1.35723441],[3.98748537]
[2.3332737],[1.41233143],[2.50185985]
[0.],[0.],[0.]
[1.62365603],[0.62153231],[0.81383326]
[2.42798432],[0.90441154],[1.61082934]
[2.54749137],[1.03513628],[1.95259192]
[2.96085704],[1.12127019],[2.67265958]
[3.27252844],[1.26649815],[3.21660273]
[3.5885104],[1.32694507],[3.60377702]
[3.87895428],[1.3676003],[3.97960783]
[4.13066622],[1.40467489],[4.27133821]
[4.12422693],[1.43704326],[4.46295814]
[4.27410696],[1.46137619],[4.71961185]
[4.27912008],[1.49652489],[4.84757095]
[4.42761206],[1.50457317],[5.06586321]
[4.42293448],[1.55501863],[5.17334268]
[4.58341763],[1.55944714],[5.39377786]
[4.62601551],[1.59707252],[5.5133613]
[4.71502974],[1.59495696],[5.86108413]
[4.74488526],[1.6160911],[5.98961348]
[4.79748392],[1.60862302],[6.23813402]
[4.84576949],[1.63034021],[6.3155939]
[4.87623504],[1.62635857],[6.45121701]
[4.92981526],[1.64941257],[6.51850655]
[4.99083523],[1.64698578],[6.67725135]
[5.02717033],[1.67389865],[6.76488353]
[5.06204386],[1.69226731],[6.89565147]
[5.08687565],[1.71769561],[6.97168834]
[5.13842667],[1.73349753],[7.10662128]
[5.15306138],[1.74479568],[7.15087721]
[5.19332487],[1.75814636],[7.29115919]
[5.20900592],[1.76934729],[7.36531107]
[5.24819837],[1.77679293],[7.48647152]
[5.3009766],[1.79095002],[7.60136575]
[5.3110572],[1.79541495],[7.60283396]
[5.35721815],[1.77911789],[7.66515915]
[5.39116468],[1.75919337],[7.62604079]
[5.42266722],[1.73878915],[7.59826296]
[5.47286568],[1.71577582],[7.49466581]
[5.45570229],[1.68920946],[7.3272833]
[5.38322575],[1.66454894],[7.17031198]
[5.28917726],[1.63835009],[6.98267428]
[5.1996348],[1.59678353],[6.74863847]
[5.11078116],[1.57444203],[6.49900267]
[5.01314577],[1.56097777],[6.28960892]
[4.89872778],[1.54711991],[6.09270985]
[4.80002307],[1.52909051],[5.89729315]
[4.74126098],[1.51145682],[5.73342672]
[4.69123682],[1.49085296],[5.56340161]
[4.6616507],[1.47003747],[5.35859237]
[4.62769795],[1.44982614],[5.1077244]
[4.58641916],[1.43368825],[4.91796554]
[4.52425843],[1.41817031],[4.77698398]
[4.44855479],[1.40128201],[4.6096666]
[4.37826873],[1.38943811],[4.43233898]
[3.96598369],[1.37908303],[4.12354497]
[2.40757514],[1.43003952],[2.59320759]
[0.],[0.],[0.]
[1.62855612],[0.64552136],[0.84393299]
[2.43461736],[0.90917036],[1.62648913]
[2.54966559],[1.03893537],[1.96190359]
[2.9869723],[1.12483073],[2.69881598]
[3.28495763],[1.27051087],[3.2404031]
[3.60449346],[1.33079373],[3.62518372]
[3.90951046],[1.37705973],[4.02564063]
[4.15070328],[1.41694445],[4.32872766]
[4.15117926],[1.46102803],[4.53210492]
[4.29595046],[1.48313907],[4.83374052]
[4.29426958],[1.52814747],[4.9853172]
[4.48660947],[1.53483015],[5.22775195]
[4.52015233],[1.58774099],[5.34904766]
[4.64817434],[1.59407983],[5.62540799]
[4.68848013],[1.62739378],[5.80614245]
[4.75790745],[1.62504279],[6.12188774]
[4.8214174],[1.64518746],[6.27575694]
[4.94207499],[1.63843044],[6.51915045]
[5.03333566],[1.6593621],[6.61581116]
[5.07382544],[1.65609667],[6.76328987]
[5.10337132],[1.67860558],[6.87770991]
[5.1524528],[1.70124559],[7.05996604]
[5.17343064],[1.732997],[7.17166477]
[5.20704664],[1.76113085],[7.33748379]
[5.22168087],[1.7838227],[7.43056448]
[5.26568325],[1.79929966],[7.58215652]
[5.27193335],[1.811223],[7.63663351]
[5.32451651],[1.82373354],[7.78063218]
[5.31986494],[1.83421394],[7.83727276]
[5.40322255],[1.84131319],[7.99946914]
[5.43875574],[1.85440237],[8.09774738]
[5.48779804],[1.86356451],[8.16757399]
[5.50722429],[1.85057019],[8.21420532]
[5.57076271],[1.83664984],[8.24025722]
[5.57726025],[1.82300888],[8.19674895]
[5.6782262],[1.8070977],[8.1859391]
[5.68834918],[1.78884765],[7.99301931]
[5.57849537],[1.7719728],[7.82502005]
[5.48343114],[1.7490731],[7.63725556]
[5.39995713],[1.70627813],[7.38484715]
[5.30492585],[1.65565453],[7.09220897]
[5.21755164],[1.61577413],[6.85268868]
[5.15332844],[1.57940714],[6.61253043]
[5.06136395],[1.56073882],[6.36036181]
[4.96060925],[1.54428264],[6.13195849]
[4.84152642],[1.52667272],[5.94197407]
[4.79277456],[1.5090216],[5.73746308]
[4.73293575],[1.4886448],[5.50110011]
[4.67826832],[1.47110653],[5.28840532]
[4.63688244],[1.45420298],[5.07046467]
[4.57187581],[1.43620541],[4.89507792]
[4.51312654],[1.42071292],[4.74087932]
[4.1013585],[1.40611909],[4.38979981]
[2.48840735],[1.44388291],[2.71849221]
[0.],[0.],[0.]
[1.62555217],[0.6250895],[0.82388659]
[2.428439],[0.91021122],[1.6217975]
[2.54670045],[1.04279691],[1.96514971]
[2.98687286],[1.12480961],[2.71400552]
[3.28909812],[1.2750656],[3.2699756]
[3.61396971],[1.33904767],[3.66262618]
[3.92567885],[1.41021817],[4.08986121]
[4.16367672],[1.43945825],[4.41253931]
[4.17223683],[1.49679525],[4.655609]
[4.32188804],[1.50762564],[4.99603251]
[4.38578033],[1.56752799],[5.17614018]
[4.57696739],[1.57319654],[5.41354756]
[4.61490255],[1.62272567],[5.55167126]
[4.70855391],[1.63050883],[5.91489623]
[4.74647151],[1.66053685],[6.10921075]
[4.82195642],[1.6577006],[6.41627419]
[5.00065568],[1.67864297],[6.61622743]
[5.13321015],[1.67447588],[6.8558488]
[5.18529306],[1.69743761],[7.01694928]
[5.22313668],[1.71543805],[7.18285035]
[5.23766762],[1.7394773],[7.34230074]
[5.28111618],[1.76334271],[7.56087304]
[5.29175148],[1.7950565],[7.66410318]
[5.3438433],[1.82636043],[7.83887733]
[5.33864749],[1.84765955],[7.91854173]
[5.42562041],[1.86270426],[8.13325505]
[5.4128311],[1.87570457],[8.17462788]
[5.50496214],[1.89025379],[8.38752722]
[5.48523149],[1.90366803],[8.43889648]
[5.58392343],[1.91363482],[8.67764644]
[5.59612054],[1.92971462],[8.76542156]
[5.70190735],[1.94059722],[8.97149779]
[5.70901196],[1.93555885],[9.03349094]
[5.81693612],[1.92702815],[9.16129945]
[5.8417356],[1.9156696],[9.12908027]
[5.92182231],[1.90179812],[9.13214241]
[5.98281059],[1.88660482],[9.02552343]
[5.94464657],[1.8727823],[8.83667954]
[5.83874438],[1.84949536],[8.60870056]
[5.73165503],[1.8155353],[8.29030706]
[5.60291386],[1.77306193],[7.94287302]
[5.52061319],[1.72907167],[7.65276705]
[5.43835462],[1.68535116],[7.36911561]
[5.34051097],[1.62551166],[7.05028525]
[5.25053396],[1.58018796],[6.7497132]
[5.17316546],[1.5636452],[6.46961001]
[5.09920057],[1.54655356],[6.22968974]
[4.99121402],[1.5294291],[5.95355697]
[4.87818747],[1.51321174],[5.73072601]
[4.79516416],[1.49660589],[5.51970404]
[4.6904097],[1.47887291],[5.25959504]
[4.64625544],[1.46226991],[5.04902836]
[4.26756303],[1.44440257],[4.73057175]
[2.54703162],[1.45865002],[2.84573568]
[0.],[0.],[0.]
[1.6273478],[0.63946028],[0.8387791]
[2.43370778],[0.91427184],[1.63190076]
[2.54801628],[1.04655041],[1.97447302]
[3.00582178],[1.13395601],[2.76725742]
[3.2935398],[1.29037643],[3.33273361]
[3.65095892],[1.35996603],[3.75588499]
[3.94197473],[1.45249346],[4.20289372]
[4.17458402],[1.47277644],[4.55344199]
[4.19988806],[1.54229706],[4.85104922]
[4.41134364],[1.55317096],[5.21049566]
[4.47601911],[1.60809265],[5.38972438]
[4.62802852],[1.61586006],[5.67517651]
[4.67035505],[1.65719916],[5.87337434]
[4.74726562],[1.66557246],[6.24314526]
[4.79314324],[1.69349125],[6.44925721]
[4.95176416],[1.6907111],[6.75926941]
[5.13622924],[1.71586949],[6.97386581]
[5.25404739],[1.73665602],[7.26440381]
[5.29395953],[1.76029883],[7.52340368]
[5.34986688],[1.781813],[7.73034047]
[5.34428541],[1.80372742],[7.84920443]
[5.43249979],[1.82622012],[8.11289902]
[5.42357949],[1.86338286],[8.23345938]
[5.51354926],[1.89553171],[8.48945638]
[5.49380537],[1.91854757],[8.5880553]
[5.59643005],[1.93551846],[8.90454183]
[5.58738502],[1.95227071],[8.9543426]
[5.75563096],[1.96575485],[9.28031819]
[5.75918166],[1.97746302],[9.33434712]
[5.87014367],[1.98653066],[9.6139953]
[5.92218925],[2.00200541],[9.73278182]
[5.9744109],[2.01094243],[9.90731896]
[6.07063664],[2.00913717],[10.03808526]
[6.09611554],[2.0008998],[10.13437037]
[6.21883142],[1.99018416],[10.21674945]
[6.23501927],[1.9758677],[10.16749705]
[6.34268871],[1.96103073],[10.17636542]
[6.30673979],[1.94886937],[9.96567042]
[6.22334033],[1.92639568],[9.73276903]
[6.10962545],[1.90010788],[9.40506016]
[5.98199282],[1.86631387],[8.99216946]
[5.86825484],[1.82991896],[8.62483345]
[5.76479643],[1.78748528],[8.2880047]
[5.635727],[1.72625868],[7.90198218]
[5.53788993],[1.66356563],[7.56052943]
[5.43608656],[1.60772869],[7.21950065]
[5.33925805],[1.58054609],[6.89727048]
[5.23345982],[1.56431385],[6.52536899]
[5.16385832],[1.54893405],[6.23848207]
[5.07943843],[1.53356326],[5.9882871]
[4.84630896],[1.51754509],[5.7240737]
[4.73378592],[1.50269606],[5.49454974]
[4.35841687],[1.48410632],[5.08881567]
[2.66665913],[1.49479443],[3.07041219]
[0.],[0.],[0.]
[1.63062791],[0.65324403],[0.85604481]
[2.43894773],[0.9157008],[1.63999475]
[2.55026851],[1.04851838],[1.98009748]
[3.02502966],[1.14291685],[2.79563909]
[3.29903659],[1.3059203],[3.38378712]
[3.68369622],[1.37812342],[3.84104223]
[3.96088264],[1.48517386],[4.30058773]
[4.20698264],[1.5108956],[4.70123227]
[4.25954962],[1.57903328],[5.01553535]
[4.49495398],[1.59018616],[5.39163358]
[4.54860776],[1.64340874],[5.62108389]
[4.67440916],[1.65119423],[6.00032423]
[4.71324393],[1.68940884],[6.22715516]
[4.77711976],[1.69901763],[6.57414546]
[4.86766241],[1.72319684],[6.81036631]
[5.08378873],[1.75493717],[7.12545364]
[5.23088335],[1.80084709],[7.43388381]
[5.33703039],[1.83460996],[7.82021587]
[5.38809043],[1.86324535],[8.09494773]
[5.48310608],[1.88516949],[8.40151676]
[5.47804903],[1.90853065],[8.55721935]
[5.62535543],[1.92793351],[8.93705173]
[5.6884312],[1.95915603],[9.07799197]
[5.83060639],[1.98461378],[9.42811032]
[5.84092443],[2.0024976],[9.54354551]
[5.93817015],[2.01664888],[9.85836183]
[5.98515394],[2.03206021],[9.96594958]
[6.09214774],[2.04344275],[10.24842168]
[6.16157577],[2.05463864],[10.36931123]
[6.24006586],[2.06350019],[10.60960651]
[6.39618982],[2.07734112],[10.83145273]
[6.43466693],[2.08438868],[10.97502524]
[6.52917046],[2.08494166],[11.18106358]
[6.54748055],[2.07710489],[11.25741574]
[6.60581073],[2.06745709],[11.398533]
[6.64519898],[2.05451162],[11.39481595]
[6.67906325],[2.04035658],[11.35706535]
[6.73868906],[2.02706118],[11.2352774]
[6.63544143],[2.00477939],[10.99013902]
[6.50650296],[1.98219902],[10.67088209]
[6.36727881],[1.95344178],[10.22914616]
[6.25306968],[1.92530538],[9.75598236]
[6.13933277],[1.89141075],[9.35294701]
[6.01579342],[1.84575143],[8.94661435]
[5.90077345],[1.78680636],[8.55042121]
[5.78385438],[1.72680821],[8.14655382]
[5.63550452],[1.66959119],[7.71107843]
[5.51245866],[1.61121288],[7.3037744]
[5.41302821],[1.58309853],[6.89863981]
[5.31701574],[1.56785451],[6.51268103]
[5.16916317],[1.55181846],[6.1894539]
[4.97732887],[1.53734587],[5.91813215]
[4.45255389],[1.52003754],[5.48847469]
[2.75782733],[1.55579582],[3.28540677]
[0.],[0.],[0.]
[1.6343071],[0.66393567],[0.87222654]
[2.44403965],[0.91941944],[1.65094966]
[2.55778952],[1.05217774],[1.99567882]
[3.04413663],[1.15455117],[2.85312353]
[3.30667406],[1.32252349],[3.44034611]
[3.73493977],[1.39298558],[3.92696429]
[3.99821172],[1.51361711],[4.38993106]
[4.25456329],[1.54022765],[4.84527089]
[4.33790795],[1.60766606],[5.15981279]
[4.55619376],[1.62058369],[5.56397628]
[4.60726908],[1.67523678],[5.88014425]
[4.71341572],[1.68452141],[6.32949494]
[4.75240111],[1.72074291],[6.59061772]
[4.82503667],[1.73387617],[6.94547627]
[5.02124552],[1.78556981],[7.22322053]
[5.20840196],[1.83598157],[7.66081551]
[5.32972819],[1.88041448],[8.05468412]
[5.49335769],[1.9196637],[8.45840961]
[5.5518203],[1.94541803],[8.75982754]
[5.71280696],[1.96436454],[9.22937675]
[5.78564084],[1.98447854],[9.41281776]
[5.94673651],[2.00111003],[9.7934503]
[6.06130892],[2.02577872],[9.97445014]
[6.17980267],[2.04927513],[10.28920491]
[6.278626],[2.06720597],[10.48089969]
[6.38882244],[2.0817701],[10.79554656]
[6.46470675],[2.09749443],[11.00040066]
[6.56468303],[2.10718572],[11.26691228]
[6.61304108],[2.11719466],[11.4625822]
[6.68672087],[2.12511375],[11.69969224]
[6.73526163],[2.13984271],[11.93450379]
[6.81195201],[2.14572068],[12.10956829]
[6.8517367],[2.14704026],[12.28131032]
[6.9454796],[2.13916479],[12.41539386]
[6.95087552],[2.13116021],[12.49323475]
[7.11878883],[2.11924662],[12.62622942]
[7.13690295],[2.10618878],[12.55805445]
[7.24100216],[2.09075932],[12.55596154]
[7.19707699],[2.07064243],[12.29867295]
[7.06435369],[2.0480029],[11.96315374]
[6.81356419],[2.02090408],[11.50811028]
[6.64040785],[1.99444003],[11.02313053]
[6.53670796],[1.96372028],[10.53853895]
[6.40884166],[1.92521711],[10.05425758]
[6.28616251],[1.87725364],[9.61432044]
[6.16656096],[1.82449781],[9.18598096]
[6.03898486],[1.76627465],[8.69246418]
[5.89121253],[1.70400124],[8.19763092]
[5.76071572],[1.64196441],[7.73352456]
[5.59578334],[1.60276298],[7.20985297]
[5.47147435],[1.58196533],[6.77278266]
[5.23649501],[1.56723587],[6.38308682]
[4.73111237],[1.54848872],[5.89724705]
[2.86315573],[1.59951382],[3.49154571]
[0.01764012],[0.07667235],[0.]
[1.63181077],[0.64471922],[0.85373419]
[2.44045287],[0.92272377],[1.6535182]
[2.56123205],[1.05836245],[2.00819858]
[3.05479854],[1.16530599],[2.89334802]
[3.32433384],[1.34594892],[3.50539015]
[3.78512007],[1.41557828],[4.02881059]
[4.02397939],[1.54972059],[4.52428293]
[4.33313406],[1.58039238],[5.05179169]
[4.46374231],[1.64757333],[5.38669519]
[4.63259012],[1.66099531],[5.89720418]
[4.68783632],[1.71152737],[6.34401505]
[4.7711967],[1.72186118],[6.76481971]
[4.83626574],[1.76623903],[7.03012046]
[5.01926758],[1.81866755],[7.3985652]
[5.19277637],[1.86854294],[7.78013733]
[5.33637842],[1.91502396],[8.27068485]
[5.44442783],[1.96033211],[8.62645479]
[5.70221385],[1.99229993],[9.08915436]
[5.79661888],[2.0152916],[9.47110307]
[5.94225997],[2.03325801],[9.98977432]
[6.05894504],[2.05299818],[10.23819997]
[6.22731157],[2.0693912],[10.61650611]
[6.4541216],[2.0910851],[10.92443049]
[6.60404705],[2.11218893],[11.2600991]
[6.66377595],[2.12918631],[11.52368154]
[6.74742574],[2.14289151],[11.83288449]
[6.77861334],[2.15752604],[12.10385999]
[6.92699241],[2.16711139],[12.41978261]
[6.93863034],[2.17861264],[12.61714175]
[7.13149517],[2.18762076],[12.92159896]
[7.16345899],[2.20599169],[13.1447507]
[7.28897078],[2.21098453],[13.42382346]
[7.322239],[2.210914],[13.57615424]
[7.39814989],[2.19891109],[13.78553632]
[7.42240498],[2.19058198],[13.82808373]
[7.47641075],[2.17980885],[13.94758351]
[7.54353613],[2.16668905],[13.93120018]
[7.58100344],[2.15099606],[13.87692946]
[7.6847433],[2.13295496],[13.74278727]
[7.60139321],[2.11199916],[13.46518328]
[7.37808227],[2.08694957],[12.97933218]
[7.19753421],[2.06252411],[12.45344725]
[6.96647018],[2.03453636],[11.87271409]
[6.80959936],[1.99945625],[11.33714708]
[6.69219907],[1.95583231],[10.84733882]
[6.58610099],[1.91262296],[10.3952401]
[6.47732349],[1.86597003],[9.92232996]
[6.33242554],[1.80723094],[9.32001116]
[6.20170855],[1.74647166],[8.78493427]
[6.06186769],[1.68908715],[8.21010476]
[5.8919605],[1.62972572],[7.54785553]
[5.57085978],[1.60207492],[7.06050007]
[4.98469945],[1.58262993],[6.45928164]
[2.95214058],[1.62798634],[3.64874837]
[0.14487775],[0.80862592],[0.05602918]
[1.63844064],[0.65436947],[0.87434515]
[2.45140286],[0.93380908],[1.68187719]
[2.6740074],[1.07007847],[2.10098471]
[3.10825264],[1.1977661],[3.03595458]
[3.42590025],[1.39483698],[3.65891838]
[3.86324587],[1.47140256],[4.20484756]
[4.07620346],[1.59338207],[4.78481903]
[4.4668538],[1.62198319],[5.33454643]
[4.59180976],[1.68506615],[5.70952803]
[4.70654707],[1.69985316],[6.33935864]
[4.75985095],[1.74112271],[6.77399511]
[4.83033274],[1.7694219],[7.14294926]
[5.02030735],[1.82899255],[7.45995885]
[5.18927787],[1.88235894],[7.91447874]
[5.31335415],[1.93547094],[8.36335407]
[5.46171864],[1.98058891],[8.83189774]
[5.60144178],[2.02459863],[9.20450492]
[5.93702412],[2.05532766],[9.80717761]
[6.03765256],[2.07983866],[10.26755323]
[6.18738618],[2.09943321],[10.79847262]
[6.42585083],[2.11914335],[11.20516334]
[6.61454442],[2.13532729],[11.60317465]
[6.72643807],[2.15521595],[11.95662344]
[6.88800624],[2.17507491],[12.32149143]
[6.91361497],[2.20019066],[12.61147919]
[7.11120193],[2.22218137],[12.98885076]
[7.09330016],[2.24572731],[13.27824522]
[7.32501352],[2.2603125],[13.74365768]
[7.3388522],[2.27500449],[13.96331338]
[7.4832358],[2.2875746],[14.37472459]
[7.52871428],[2.30764867],[14.59902741]
[7.58264706],[2.31460371],[14.86548775]
[7.67309167],[2.30171916],[15.05435367]
[7.71840613],[2.28190788],[15.22905252]
[7.8866714],[2.26719578],[15.36698595]
[7.9463276],[2.25076923],[15.42045752]
[8.09356273],[2.2319894],[15.55066966]
[8.13908389],[2.21267872],[15.48532296]
[8.20862435],[2.19242646],[15.40409913]
[8.21210512],[2.16613887],[15.13262901]
[8.06173581],[2.1416469],[14.67065226]
[7.80076404],[2.11993155],[14.03084861]
[7.53396245],[2.09435027],[13.37242149]
[7.30422253],[2.0631672],[12.75078046]
[7.13096674],[2.02395265],[12.18906959]
[6.93728817],[1.98389096],[11.63312583]
[6.82821492],[1.94131233],[11.13658795]
[6.71120757],[1.89233489],[10.54960655]
[6.61820306],[1.84080507],[9.95231138]
[6.5147115],[1.78262015],[9.35740457]
[6.35279802],[1.72115428],[8.62318727]
[6.13914821],[1.65959026],[7.88915609]
[5.26234078],[1.6221149],[7.12002412]
[3.14240336],[1.64450148],[3.8580367]
[0.38773884],[0.87738307],[0.22554738]
[1.65023111],[0.66257448],[0.90767135]
[2.47485639],[0.94697],[1.71744722]
[2.79556008],[1.08120904],[2.24983583]
[3.17091467],[1.23422194],[3.16565175]
[3.55691044],[1.43676051],[3.82148685]
[3.93616935],[1.51803885],[4.37613793]
[4.14428254],[1.63509725],[5.02089999]
[4.5680351],[1.6641679],[5.62099348]
[4.68532132],[1.71851435],[6.10390339]
[4.77029433],[1.73550082],[6.77181005]
[4.82126891],[1.79943726],[7.18574405]
[5.00534978],[1.85115717],[7.60684368]
[5.1792173],[1.91553171],[8.04141811]
[5.31512898],[1.96359304],[8.52114016]
[5.40711643],[2.01155018],[8.92458571]
[5.62361564],[2.05084695],[9.39021395]
[5.87046593],[2.09584576],[9.83714114]
[6.10706065],[2.12390398],[10.50850012]
[6.32208667],[2.14694892],[11.05956832]
[6.4788713],[2.16560831],[11.69926896]
[6.69038262],[2.18936213],[12.23302023]
[6.86138048],[2.21555161],[12.6408423]
[6.95040062],[2.24754496],[13.02494997]
[7.25591074],[2.27834809],[13.55082971]
[7.30326935],[2.31004856],[13.91393811]
[7.45755033],[2.33459115],[14.42757135]
[7.48325162],[2.35737794],[14.7618426]
[7.58226367],[2.37181847],[15.24089394]
[7.62940947],[2.38660714],[15.54558613]
[7.73694089],[2.39884875],[15.95972238]
[7.8884304],[2.41828313],[16.29436558]
[7.96072677],[2.42882069],[16.51439341]
[8.12517857],[2.45542561],[16.8344864]
[8.18458636],[2.45394963],[16.96310838]
[8.27173872],[2.42414852],[17.14680427]
[8.31363685],[2.38769879],[17.16410822]
[8.35915437],[2.35799413],[17.19477225]
[8.44966747],[2.32823057],[17.16349464]
[8.49037253],[2.29615179],[17.05098997]
[8.72078195],[2.26136148],[16.96381403]
[8.57254617],[2.2114512],[16.49268864]
[8.31952452],[2.17718958],[15.8670036]
[8.15957358],[2.15521977],[15.21133525]
[7.94716939],[2.12608267],[14.48693031]
[7.63548005],[2.0917565],[13.75779408]
[7.4287612],[2.05641401],[13.10757378]
[7.27705055],[2.01903956],[12.53477847]
[7.12951137],[1.97608989],[11.91268771]
[6.95190276],[1.93096561],[11.24498761]
[6.82218489],[1.88459433],[10.54721104]
[6.69768008],[1.83286019],[9.80913936]
[6.59250088],[1.77364878],[9.03009041]
[5.95491568],[1.71898654],[8.05409213]
[3.23876575],[1.69089818],[4.07644571]
[0.50569504],[0.91405506],[0.32829424]
[1.66195865],[0.67016937],[0.94054089]
[2.50752491],[0.96298153],[1.76076132]
[2.90357652],[1.09460049],[2.3960925]
[3.22893336],[1.28089986],[3.29648868]
[3.66523165],[1.476888],[3.98072067]
[3.99765428],[1.56183474],[4.60947299]
[4.30670037],[1.67261703],[5.28854932]
[4.64467674],[1.69994221],[5.95107307]
[4.758921],[1.74958101],[6.54252178]
[4.82171464],[1.80633795],[7.14427211]
[4.99187222],[1.87292103],[7.60147118]
[5.17264072],[1.93165888],[8.15603024]
[5.29985358],[1.9865199],[8.60056655]
[5.41234651],[2.03045101],[9.03175102]
[5.5390925],[2.07956673],[9.44844054]
[5.88622545],[2.1175716],[10.00416683]
[6.05859543],[2.15938038],[10.5695682]
[6.33005028],[2.19074992],[11.228067]
[6.60402572],[2.22963715],[11.97061573]
[6.7348076],[2.2633232],[12.69061421]
[6.90068179],[2.30117373],[13.29085169]
[7.20995512],[2.33148611],[13.87262654]
[7.3150098],[2.36686498],[14.3131496]
[7.52992719],[2.40059617],[14.93087588]
[7.59922997],[2.43715177],[15.35314051]
[7.70108983],[2.47632239],[15.88586579]
[7.79656138],[2.51164615],[16.34051444]
[7.90240852],[2.53616948],[16.79752426]
[8.06920201],[2.56210796],[17.27702781]
[8.19754727],[2.58134503],[17.67433183]
[8.30838805],[2.60565327],[18.11767059]
[8.35895958],[2.61885292],[18.3405068]
[8.41349575],[2.61541849],[18.62173942]
[8.47161792],[2.61438076],[18.77621632]
[8.52382144],[2.5846336],[18.90791114]
[8.72750984],[2.55538594],[19.07075641]
[8.80500591],[2.53061301],[19.06668075]
[8.94729592],[2.50536692],[19.15543495]
[9.01199823],[2.47815106],[19.00634473]
[9.07368292],[2.44855165],[18.87214672]
[9.07355397],[2.39024439],[18.49688993]
[8.93139982],[2.3262926],[17.91498204]
[8.66535581],[2.25902009],[17.11731042]
[8.34501783],[2.2103159],[16.25956155]
[8.18114171],[2.15282054],[15.54236107]
[8.00145946],[2.11729771],[14.81495133]
[7.74083939],[2.08288754],[14.02725328]
[7.54371679],[2.04423591],[13.28697453]
[7.39116236],[2.00320674],[12.62542805]
[7.24705867],[1.9588306],[11.86571062]
[7.11167996],[1.91140341],[11.06435055]
[6.90740261],[1.86225715],[10.19359236]
[6.37325261],[1.80862757],[9.15611365]
[3.54735804],[1.75294519],[4.45760975]
[0.67149484],[0.96572629],[0.47399305]
[1.67164206],[0.66515105],[0.95666117]
[2.53322261],[0.97600466],[1.7940479]
[2.96442426],[1.10925388],[2.50766341]
[3.30252559],[1.32242175],[3.4205667]
[3.7340705],[1.51492589],[4.12088115]
[4.0620509],[1.60323017],[4.84016263]
[4.41824892],[1.70831627],[5.57040718]
[4.70955516],[1.73329234],[6.34930749]
[4.82172823],[1.78133623],[6.95018386]
[4.9858194],[1.87538002],[7.53740192]
[5.15997181],[1.94362106],[8.11190839]
[5.29951448],[1.99748849],[8.69352283]
[5.39353136],[2.04953393],[9.13204316]
[5.55914222],[2.09373085],[9.5587306]
[5.74171056],[2.1407109],[10.00188197]
[6.05098656],[2.17606641],[10.71500137]
[6.2820381],[2.22672459],[11.326125]
[6.59600386],[2.27803706],[12.04740522]
[6.78315241],[2.3185213],[12.92111559]
[7.00628137],[2.35357578],[13.65920522]
[7.20658717],[2.39331209],[14.41057066]
[7.49554546],[2.42840373],[15.1747353]
[7.59103992],[2.48668401],[15.6550145]
[7.74624268],[2.54721517],[16.27949777]
[7.98627978],[2.60452338],[16.88146563]
[8.14293796],[2.64597935],[17.40596391]
[8.25283593],[2.68089973],[17.98948452]
[8.34215313],[2.70435372],[18.44831523]
[8.4072619],[2.72762496],[18.96278961]
[8.48505675],[2.74189538],[19.42152291]
[8.54114697],[2.75577159],[19.86312257]
[8.7108158],[2.76798223],[20.21720695]
[8.80011463],[2.79194635],[20.46614204]
[8.97000439],[2.78349679],[20.79715148]
[9.04557349],[2.75013407],[20.91734965]
[9.12156532],[2.71546961],[21.09298781]
[9.17336929],[2.68405679],[21.11078564]
[9.20804064],[2.65425016],[21.11065941]
[9.25321211],[2.62349638],[20.94903414]
[9.27869799],[2.58647302],[20.72868695]
[9.49678363],[2.53840488],[20.55090411]
[9.25565403],[2.48782935],[19.95051206]
[9.13168655],[2.4308884],[19.23784387]
[8.97004113],[2.37055382],[18.37974323]
[8.72391136],[2.30997658],[17.5153417]
[8.38705002],[2.24173253],[16.6587338]
[8.21328991],[2.16728178],[15.86788118]
[8.07324479],[2.1130383],[15.05325598]
[7.90716574],[2.0761553],[14.24083272]
[7.68921293],[2.03553505],[13.35581871]
[7.47914839],[1.99037572],[12.45678569]
[7.3130029],[1.94490652],[11.55344865]
[6.90240535],[1.89859152],[10.42867013]
[4.08326481],[1.79456731],[4.78473649]
[0.76352293],[1.00122989],[0.59851568]
[1.68255888],[0.66909446],[0.97740682]
[2.54558625],[0.99307977],[1.85973959]
[3.04569392],[1.16758899],[2.67117778]
[3.43166513],[1.37803821],[3.59425197]
[3.81252291],[1.56248568],[4.33193337]
[4.20102061],[1.65483914],[5.14833605]
[4.51440252],[1.74613282],[5.90178942]
[4.76181925],[1.76889115],[6.7708832]
[4.97377293],[1.84760247],[7.41114417]
[5.15029754],[1.94394709],[7.98736194]
[5.27937251],[2.00816456],[8.67288768]
[5.39450564],[2.05873298],[9.20139879]
[5.492739],[2.11051544],[9.66562093]
[5.78641527],[2.15322799],[10.1645249]
[5.97872913],[2.19738714],[10.78364051]
[6.23655214],[2.24457963],[11.46497961]
[6.54098625],[2.31273841],[12.20889186]
[6.79059287],[2.36868892],[13.05129764]
[6.97871132],[2.40964009],[13.89941661]
[7.33728554],[2.44745554],[14.89700363]
[7.52420646],[2.51702666],[15.73468771]
[7.72156895],[2.57206649],[16.44782332]
[7.94590694],[2.63079998],[17.10459386]
[8.18463652],[2.67856574],[17.72739918]
[8.35722259],[2.72386412],[18.40962373]
[8.46364997],[2.75808169],[18.92823276]
[8.51386051],[2.78732491],[19.50344186]
[8.65057855],[2.80827118],[20.06859372]
[8.66202793],[2.83291807],[20.5750468]
[8.9803748],[2.87409269],[21.30576323]
[9.07014212],[2.91093515],[21.79803501]
[9.16221686],[2.92976562],[22.27437894]
[9.21848326],[2.95925471],[22.55910403]
[9.26077955],[2.9421879],[22.83217066]
[9.31263105],[2.91008991],[22.99985405]
[9.33160103],[2.87615724],[23.10213889]
[9.58944705],[2.84251847],[23.30795938]
[9.67983675],[2.81092416],[23.28126209]
[9.83507213],[2.77786846],[23.32498767]
[9.91666383],[2.73463814],[23.08388171]
[9.96082553],[2.68544327],[22.792077]
[9.96115133],[2.63686817],[22.31027947]
[9.85543162],[2.57918505],[21.58004096]
[9.43686343],[2.51782006],[20.47301179]
[9.16223584],[2.4674408],[19.54347221]
[9.02424894],[2.41909328],[18.70078701]
[8.82272756],[2.37058937],[17.80289402]
[8.45663833],[2.23811266],[16.81644484]
[8.26348578],[2.13866449],[15.94840046]
[8.15575772],[2.10010458],[15.0785452]
[8.01646621],[2.05848166],[14.04319268]
[7.80703851],[2.01547461],[13.02735532]
[7.31851806],[1.97293991],[11.75584211]
[4.88047269],[1.85365137],[5.28870868]
[0.93765654],[1.05946352],[0.77364022]
[1.69438016],[0.67640765],[1.00427292]
[2.54957987],[1.00870116],[1.9310619]
[3.14424325],[1.22489455],[2.822237]
[3.55974082],[1.42329926],[3.76114314]
[3.88154353],[1.6079545],[4.55712563]
[4.33208724],[1.69987884],[5.45576716]
[4.58902808],[1.77863646],[6.28594388]
[4.81639059],[1.83303623],[7.19522966]
[5.12540182],[1.92696441],[7.86237764]
[5.27444903],[2.01665415],[8.54782144]
[5.37361921],[2.07696246],[9.20349231]
[5.50262328],[2.12430258],[9.73409226]
[5.62714362],[2.1737134],[10.28334714]
[5.98877979],[2.21310393],[10.95575888]
[6.18072576],[2.27442767],[11.58970971]
[6.47442724],[2.33265852],[12.31560547]
[6.74745447],[2.40346111],[13.27445241]
[7.01046738],[2.47114153],[14.07525137]
[7.26059823],[2.54050466],[15.05991461]
[7.56785036],[2.59857402],[16.17167496]
[7.74921344],[2.65627768],[17.02832649]
[8.09578409],[2.69767052],[17.83098882]
[8.32898101],[2.74361921],[18.6674964]
[8.46989745],[2.7833471],[19.27461483]
[8.56425115],[2.82400893],[19.90450529]
[8.90590712],[2.85662111],[20.62659253]
[8.9857527],[2.8961893],[21.19403833]
[9.15685424],[2.93519663],[21.98306968]
[9.21054119],[2.98937405],[22.54097902]
[9.30081862],[3.04335513],[23.28728975]
[9.35949314],[3.08045278],[23.86437498]
[9.38329396],[3.10018312],[24.30905409]
[9.57627845],[3.12926518],[24.75018737]
[9.67380826],[3.10843218],[25.01042453]
[9.8466225],[3.07292327],[25.36595395]
[9.93242144],[3.03786956],[25.471632]
[10.00331335],[2.99613466],[25.59098335]
[10.07087094],[2.96123132],[25.51034764]
[10.11867753],[2.9288228],[25.41013999]
[10.39907056],[2.89076578],[25.3682362]
[10.57424936],[2.84161677],[25.22090264]
[10.60957778],[2.79235062],[24.92668075]
[10.60002039],[2.73180601],[24.26728913]
[10.24244145],[2.66926238],[22.97707071]
[9.91008823],[2.61256151],[21.966336]
[9.57274052],[2.56010975],[20.89909159]
[9.18333494],[2.50998717],[19.87489841]
[9.05667522],[2.42680146],[18.93728443]
[8.87296857],[2.31625536],[17.9462896]
[8.65041316],[2.17466048],[16.90796164]
[8.34744738],[2.12457926],[15.70488766]
[8.17756484],[2.08480043],[14.60158164]
[7.86069247],[2.04455151],[13.27260063]
[5.49302606],[1.95668685],[6.16021901]
[1.01948341],[1.10502113],[0.92693967]
[1.70665327],[0.69306272],[1.04078224]
[2.55538139],[1.02470818],[2.00153097]
[3.25752597],[1.27640399],[3.023102]
[3.66583129],[1.46688855],[3.95785306]
[3.959536],[1.65425557],[4.820261]
[4.43838758],[1.73518274],[5.77425825]
[4.65247665],[1.80850299],[6.69538252]
[4.95112118],[1.90176503],[7.58966802]
[5.24351956],[1.99410824],[8.34352691]
[5.37225096],[2.07868094],[9.08318353]
[5.44792318],[2.13826032],[9.70761337]
[5.64829243],[2.18453697],[10.30063329]
[5.90001921],[2.23264553],[10.99701035]
[6.15041915],[2.29574812],[11.70150512]
[6.43141702],[2.36790044],[12.44875885]
[6.72206565],[2.42967367],[13.36687452]
[6.90483786],[2.54031436],[14.28975777]
[7.28932367],[2.6265978],[15.32145331]
[7.527216],[2.68304169],[16.40757649]
[7.81019452],[2.72745997],[17.39551726]
[8.12511195],[2.77183615],[18.49117686]
[8.40285999],[2.80779835],[19.39597044]
[8.54724915],[2.84720679],[20.1705627]
[8.86657336],[2.88887174],[20.96229363]
[9.04246177],[2.93525808],[21.60245301]
[9.24655418],[2.97317406],[22.46161964]
[9.34512576],[3.02221886],[23.08403793]
[9.39696822],[3.07171936],[23.82792296]
[9.45085563],[3.13049172],[24.43958002]
[9.64418923],[3.18931341],[25.18082728]
[9.86879006],[3.22598014],[26.03980644]
[9.96104079],[3.25012278],[26.54954111]
[10.04152779],[3.27880525],[27.09220031]
[10.10752845],[3.26558606],[27.35668068]
[10.13301744],[3.24096672],[27.64804686]
[10.26009458],[3.21146214],[27.8415046]
[10.41347827],[3.1776283],[27.99359462]
[10.67794032],[3.15087646],[28.3470632]
[10.82379868],[3.11712507],[28.34423986]
[10.91837353],[3.07552699],[28.30284265]
[11.18091678],[3.02806414],[28.20798196]
[11.23545466],[2.97686133],[27.89606468]
[11.25199063],[2.9202918],[27.4893622]
[11.21867415],[2.82842488],[26.39556308]
[10.90381943],[2.7592043],[24.84548514]
[10.41819599],[2.70419504],[23.30093099]
[9.95886098],[2.6519448],[22.23204041]
[9.67696378],[2.57641715],[21.14605247]
[9.19184558],[2.4885907],[20.03951878]
[9.0773253],[2.39513321],[19.08364586]
[8.94012049],[2.25507253],[17.80502328]
[8.77938207],[2.14823143],[16.41287259]
[8.22829625],[2.11014166],[14.79873587]
[6.49045192],[2.02370177],[8.03158716]
[1.28332486],[1.15445295],[1.12714721]
[1.71216375],[0.4886023],[0.7479993]
[2.55823829],[0.71281266],[1.49542527]
[3.33700966],[1.00084642],[2.53427622]
[3.72166501],[1.195257],[3.37179705]
[4.03271506],[1.35132834],[4.24609142]
[4.50498529],[1.56063189],[5.21126166]
[4.71586103],[1.72688573],[6.13821968]
[5.10733668],[1.81191046],[6.98962117]
[5.33615086],[1.90755445],[7.85499013]
[5.45070522],[1.97990291],[8.4928093]
[5.56238235],[2.04941521],[9.10493141]
[5.89571104],[2.09846741],[9.87936591]
[6.075467],[2.16498898],[10.57717016]
[6.3482339],[2.22188408],[11.28530153]
[6.66531982],[2.28916118],[12.24039051]
[6.91492653],[2.39321114],[13.09804091]
[7.10909757],[2.49553609],[14.11896085]
[7.50548815],[2.56458554],[15.28120283]
[7.74292506],[2.61547544],[16.2646034]
[8.14856251],[2.65156853],[17.33210556]
[8.39850316],[2.71747581],[18.50651167]
[8.62816228],[2.77022468],[19.4123455]
[8.93400781],[2.83064889],[20.32893686]
[9.21704917],[2.88172014],[21.34530947]
[9.34451693],[2.93916115],[22.0063185]
[9.43311748],[2.99067528],[22.73692998]
[9.72856669],[3.05025698],[23.51646811]
[9.93618764],[3.10184746],[24.31258995]
[10.0228489],[3.15889068],[25.13792076]
[10.13858394],[3.20769195],[25.86125062]
[10.17967064],[3.23452857],[26.57550348]
[10.27993175],[3.2592697],[27.13461361]
[10.36068022],[3.28679016],[27.59788462]
[10.53232069],[3.30595997],[28.17299687]
[10.69136966],[3.29798271],[28.5120909]
[10.86272299],[3.30473378],[29.01061401]
[11.03732987],[3.28451774],[29.25441443]
[11.19799822],[3.25441462],[29.49784422]
[11.4385494],[3.2224949],[29.88804905]
[11.59469174],[3.19676763],[29.9800151]
[11.70134747],[3.16923972],[29.94807545]
[11.85451219],[3.14179843],[29.76808598]
[11.8708818],[3.10489504],[29.39930316]
[11.88095305],[3.02941174],[28.77492691]
[11.88042308],[2.94615022],[27.43304278]
[11.57626348],[2.86068439],[25.61363086]
[11.08870609],[2.77953433],[23.82133783]
[10.55213632],[2.69809752],[22.24160145]
[10.04329399],[2.62721267],[20.99373799]
[9.75731984],[2.55449266],[19.91803478]
[9.32246183],[2.4098825],[18.65792067]
[9.10145437],[2.25338741],[17.23682098]
[8.86968103],[2.0915224],[15.63925588]
